[
  {
    "date": "2024-07-28",
    "production_volume": 829,
    "efficiency": 93.3,
    "downtime": 6.5
  },
  {
    "date": "2024-07-29",
    "production_volume": 1137,
    "efficiency": 88.6,
    "downtime": 6.7
  },
  {
    "date": "2024-07-30",
    "production_volume": 967,
    "efficiency": 91.1,
    "downtime": 2.0
  },
  {
    "date": "2024-07-31",
    "production_volume": 809,
    "efficiency": 92.1,
    "downtime": 5.9
  },
  {
    "date": "2024-08-01",
    "production_volume": 1091,
    "efficiency": 88.2,
    "downtime": 4.4
  },
  {
    "date": "2024-08-02",
    "production_volume": 1008,
    "efficiency": 90.6,
    "downtime": 2.1
  },
  {
    "date": "2024-08-03",
    "production_volume": 922,
    "efficiency": 94.9,
    "downtime": 7.3
  },
  {
    "date": "2024-08-04",
    "production_volume": 1156,
    "efficiency": 87.6,
    "downtime": 2.8
  }
]