[
  {
    "id": "압연기_1호기",
    "name": "압연기_1호기",
    "status": "정상",
    "efficiency": 84.1,
    "type": "압연기",
    "last_maintenance": "2024-07-08",
    "date": "2024-07-28"
  },
  {
    "id": "압연기_2호기",
    "name": "압연기_2호기",
    "status": "정상",
    "efficiency": 92.5,
    "type": "압연기",
    "last_maintenance": "2024-07-01",
    "date": "2024-07-28"
  },
  {
    "id": "압연기_3호기",
    "name": "압연기_3호기",
    "status": "경고",
    "efficiency": 95.6,
    "type": "압연기",
    "last_maintenance": "2024-07-17",
    "date": "2024-07-28"
  },
  {
    "id": "압연기_4호기",
    "name": "압연기_4호기",
    "status": "주의",
    "efficiency": 70.5,
    "type": "압연기",
    "last_maintenance": "2024-07-01",
    "date": "2024-07-28"
  },
  {
    "id": "압연기_5호기",
    "name": "압연기_5호기",
    "status": "정상",
    "efficiency": 79.9,
    "type": "압연기",
    "last_maintenance": "2024-07-02",
    "date": "2024-07-28"
  },
  {
    "id": "압연기_6호기",
    "name": "압연기_6호기",
    "status": "위험",
    "efficiency": 85.1,
    "type": "압연기",
    "last_maintenance": "2024-07-14",
    "date": "2024-07-28"
  },
  {
    "id": "압연기_7호기",
    "name": "압연기_7호기",
    "status": "위험",
    "efficiency": 82.2,
    "type": "압연기",
    "last_maintenance": "2024-07-12",
    "date": "2024-07-28"
  },
  {
    "id": "압연기_8호기",
    "name": "압연기_8호기",
    "status": "정상",
    "efficiency": 79.9,
    "type": "압연기",
    "last_maintenance": "2024-06-28",
    "date": "2024-07-28"
  },
  {
    "id": "압연기_9호기",
    "name": "압연기_9호기",
    "status": "위험",
    "efficiency": 78.2,
    "type": "압연기",
    "last_maintenance": "2024-07-10",
    "date": "2024-07-28"
  },
  {
    "id": "압연기_10호기",
    "name": "압연기_10호기",
    "status": "경고",
    "efficiency": 76.8,
    "type": "압연기",
    "last_maintenance": "2024-07-23",
    "date": "2024-07-28"
  },
  {
    "id": "압연기_11호기",
    "name": "압연기_11호기",
    "status": "경고",
    "efficiency": 73.1,
    "type": "압연기",
    "last_maintenance": "2024-07-08",
    "date": "2024-07-28"
  },
  {
    "id": "압연기_12호기",
    "name": "압연기_12호기",
    "status": "위험",
    "efficiency": 90.7,
    "type": "압연기",
    "last_maintenance": "2024-07-01",
    "date": "2024-07-28"
  },
  {
    "id": "압연기_13호기",
    "name": "압연기_13호기",
    "status": "위험",
    "efficiency": 94.2,
    "type": "압연기",
    "last_maintenance": "2024-07-08",
    "date": "2024-07-28"
  },
  {
    "id": "압연기_14호기",
    "name": "압연기_14호기",
    "status": "주의",
    "efficiency": 92.1,
    "type": "압연기",
    "last_maintenance": "2024-07-09",
    "date": "2024-07-28"
  },
  {
    "id": "압연기_15호기",
    "name": "압연기_15호기",
    "status": "정상",
    "efficiency": 90.6,
    "type": "압연기",
    "last_maintenance": "2024-07-02",
    "date": "2024-07-28"
  },
  {
    "id": "압연기_16호기",
    "name": "압연기_16호기",
    "status": "경고",
    "efficiency": 82.2,
    "type": "압연기",
    "last_maintenance": "2024-07-03",
    "date": "2024-07-28"
  },
  {
    "id": "압연기_17호기",
    "name": "압연기_17호기",
    "status": "위험",
    "efficiency": 74.6,
    "type": "압연기",
    "last_maintenance": "2024-07-22",
    "date": "2024-07-28"
  },
  {
    "id": "압연기_18호기",
    "name": "압연기_18호기",
    "status": "경고",
    "efficiency": 88.0,
    "type": "압연기",
    "last_maintenance": "2024-07-13",
    "date": "2024-07-28"
  },
  {
    "id": "압연기_19호기",
    "name": "압연기_19호기",
    "status": "주의",
    "efficiency": 88.8,
    "type": "압연기",
    "last_maintenance": "2024-07-06",
    "date": "2024-07-28"
  },
  {
    "id": "압연기_20호기",
    "name": "압연기_20호기",
    "status": "위험",
    "efficiency": 84.2,
    "type": "압연기",
    "last_maintenance": "2024-07-25",
    "date": "2024-07-28"
  },
  {
    "id": "압연기_21호기",
    "name": "압연기_21호기",
    "status": "경고",
    "efficiency": 82.1,
    "type": "압연기",
    "last_maintenance": "2024-07-03",
    "date": "2024-07-28"
  },
  {
    "id": "압연기_22호기",
    "name": "압연기_22호기",
    "status": "주의",
    "efficiency": 82.1,
    "type": "압연기",
    "last_maintenance": "2024-07-05",
    "date": "2024-07-28"
  },
  {
    "id": "압연기_23호기",
    "name": "압연기_23호기",
    "status": "경고",
    "efficiency": 90.7,
    "type": "압연기",
    "last_maintenance": "2024-06-30",
    "date": "2024-07-28"
  },
  {
    "id": "압연기_24호기",
    "name": "압연기_24호기",
    "status": "정상",
    "efficiency": 85.8,
    "type": "압연기",
    "last_maintenance": "2024-07-07",
    "date": "2024-07-28"
  },
  {
    "id": "압연기_25호기",
    "name": "압연기_25호기",
    "status": "정상",
    "efficiency": 75.5,
    "type": "압연기",
    "last_maintenance": "2024-07-09",
    "date": "2024-07-28"
  },
  {
    "id": "압연기_26호기",
    "name": "압연기_26호기",
    "status": "정상",
    "efficiency": 84.9,
    "type": "압연기",
    "last_maintenance": "2024-07-17",
    "date": "2024-07-28"
  },
  {
    "id": "압연기_27호기",
    "name": "압연기_27호기",
    "status": "정상",
    "efficiency": 93.5,
    "type": "압연기",
    "last_maintenance": "2024-07-26",
    "date": "2024-07-28"
  },
  {
    "id": "압연기_28호기",
    "name": "압연기_28호기",
    "status": "위험",
    "efficiency": 88.4,
    "type": "압연기",
    "last_maintenance": "2024-07-24",
    "date": "2024-07-28"
  },
  {
    "id": "압연기_29호기",
    "name": "압연기_29호기",
    "status": "경고",
    "efficiency": 88.5,
    "type": "압연기",
    "last_maintenance": "2024-07-27",
    "date": "2024-07-28"
  },
  {
    "id": "압연기_30호기",
    "name": "압연기_30호기",
    "status": "정상",
    "efficiency": 81.1,
    "type": "압연기",
    "last_maintenance": "2024-06-28",
    "date": "2024-07-28"
  },
  {
    "id": "압연기_31호기",
    "name": "압연기_31호기",
    "status": "주의",
    "efficiency": 97.5,
    "type": "압연기",
    "last_maintenance": "2024-07-09",
    "date": "2024-07-28"
  },
  {
    "id": "압연기_32호기",
    "name": "압연기_32호기",
    "status": "경고",
    "efficiency": 76.8,
    "type": "압연기",
    "last_maintenance": "2024-07-19",
    "date": "2024-07-28"
  },
  {
    "id": "압연기_33호기",
    "name": "압연기_33호기",
    "status": "경고",
    "efficiency": 87.7,
    "type": "압연기",
    "last_maintenance": "2024-07-10",
    "date": "2024-07-28"
  },
  {
    "id": "압연기_34호기",
    "name": "압연기_34호기",
    "status": "정상",
    "efficiency": 96.6,
    "type": "압연기",
    "last_maintenance": "2024-07-15",
    "date": "2024-07-28"
  },
  {
    "id": "압연기_35호기",
    "name": "압연기_35호기",
    "status": "정상",
    "efficiency": 83.8,
    "type": "압연기",
    "last_maintenance": "2024-07-23",
    "date": "2024-07-28"
  },
  {
    "id": "압연기_36호기",
    "name": "압연기_36호기",
    "status": "경고",
    "efficiency": 72.2,
    "type": "압연기",
    "last_maintenance": "2024-07-03",
    "date": "2024-07-28"
  },
  {
    "id": "압연기_37호기",
    "name": "압연기_37호기",
    "status": "정상",
    "efficiency": 74.2,
    "type": "압연기",
    "last_maintenance": "2024-07-20",
    "date": "2024-07-28"
  },
  {
    "id": "압연기_38호기",
    "name": "압연기_38호기",
    "status": "경고",
    "efficiency": 78.0,
    "type": "압연기",
    "last_maintenance": "2024-07-01",
    "date": "2024-07-28"
  },
  {
    "id": "압연기_39호기",
    "name": "압연기_39호기",
    "status": "위험",
    "efficiency": 86.1,
    "type": "압연기",
    "last_maintenance": "2024-07-18",
    "date": "2024-07-28"
  },
  {
    "id": "압연기_40호기",
    "name": "압연기_40호기",
    "status": "경고",
    "efficiency": 84.7,
    "type": "압연기",
    "last_maintenance": "2024-07-07",
    "date": "2024-07-28"
  },
  {
    "id": "압연기_41호기",
    "name": "압연기_41호기",
    "status": "정상",
    "efficiency": 88.4,
    "type": "압연기",
    "last_maintenance": "2024-07-21",
    "date": "2024-07-28"
  },
  {
    "id": "압연기_42호기",
    "name": "압연기_42호기",
    "status": "위험",
    "efficiency": 73.5,
    "type": "압연기",
    "last_maintenance": "2024-07-07",
    "date": "2024-07-28"
  },
  {
    "id": "압연기_43호기",
    "name": "압연기_43호기",
    "status": "정상",
    "efficiency": 93.8,
    "type": "압연기",
    "last_maintenance": "2024-07-16",
    "date": "2024-07-28"
  },
  {
    "id": "압연기_44호기",
    "name": "압연기_44호기",
    "status": "위험",
    "efficiency": 72.8,
    "type": "압연기",
    "last_maintenance": "2024-07-16",
    "date": "2024-07-28"
  },
  {
    "id": "압연기_45호기",
    "name": "압연기_45호기",
    "status": "주의",
    "efficiency": 72.1,
    "type": "압연기",
    "last_maintenance": "2024-06-29",
    "date": "2024-07-28"
  },
  {
    "id": "압연기_46호기",
    "name": "압연기_46호기",
    "status": "정상",
    "efficiency": 84.8,
    "type": "압연기",
    "last_maintenance": "2024-07-22",
    "date": "2024-07-28"
  },
  {
    "id": "압연기_47호기",
    "name": "압연기_47호기",
    "status": "주의",
    "efficiency": 95.5,
    "type": "압연기",
    "last_maintenance": "2024-07-27",
    "date": "2024-07-28"
  },
  {
    "id": "압연기_48호기",
    "name": "압연기_48호기",
    "status": "정상",
    "efficiency": 95.9,
    "type": "압연기",
    "last_maintenance": "2024-07-21",
    "date": "2024-07-28"
  },
  {
    "id": "압연기_49호기",
    "name": "압연기_49호기",
    "status": "주의",
    "efficiency": 95.4,
    "type": "압연기",
    "last_maintenance": "2024-07-01",
    "date": "2024-07-28"
  },
  {
    "id": "압연기_50호기",
    "name": "압연기_50호기",
    "status": "주의",
    "efficiency": 90.0,
    "type": "압연기",
    "last_maintenance": "2024-07-27",
    "date": "2024-07-28"
  },
  {
    "id": "압연기_1호기",
    "name": "압연기_1호기",
    "status": "위험",
    "efficiency": 73.9,
    "type": "압연기",
    "last_maintenance": "2024-06-29",
    "date": "2024-07-29"
  },
  {
    "id": "압연기_2호기",
    "name": "압연기_2호기",
    "status": "주의",
    "efficiency": 84.4,
    "type": "압연기",
    "last_maintenance": "2024-07-26",
    "date": "2024-07-29"
  },
  {
    "id": "압연기_3호기",
    "name": "압연기_3호기",
    "status": "정상",
    "efficiency": 80.9,
    "type": "압연기",
    "last_maintenance": "2024-07-20",
    "date": "2024-07-29"
  },
  {
    "id": "압연기_4호기",
    "name": "압연기_4호기",
    "status": "위험",
    "efficiency": 82.5,
    "type": "압연기",
    "last_maintenance": "2024-07-14",
    "date": "2024-07-29"
  },
  {
    "id": "압연기_5호기",
    "name": "압연기_5호기",
    "status": "주의",
    "efficiency": 89.5,
    "type": "압연기",
    "last_maintenance": "2024-07-28",
    "date": "2024-07-29"
  },
  {
    "id": "압연기_6호기",
    "name": "압연기_6호기",
    "status": "주의",
    "efficiency": 77.5,
    "type": "압연기",
    "last_maintenance": "2024-07-22",
    "date": "2024-07-29"
  },
  {
    "id": "압연기_7호기",
    "name": "압연기_7호기",
    "status": "위험",
    "efficiency": 76.1,
    "type": "압연기",
    "last_maintenance": "2024-07-05",
    "date": "2024-07-29"
  },
  {
    "id": "압연기_8호기",
    "name": "압연기_8호기",
    "status": "주의",
    "efficiency": 77.0,
    "type": "압연기",
    "last_maintenance": "2024-06-30",
    "date": "2024-07-29"
  },
  {
    "id": "압연기_9호기",
    "name": "압연기_9호기",
    "status": "위험",
    "efficiency": 79.4,
    "type": "압연기",
    "last_maintenance": "2024-07-27",
    "date": "2024-07-29"
  },
  {
    "id": "압연기_10호기",
    "name": "압연기_10호기",
    "status": "경고",
    "efficiency": 92.3,
    "type": "압연기",
    "last_maintenance": "2024-07-15",
    "date": "2024-07-29"
  },
  {
    "id": "압연기_11호기",
    "name": "압연기_11호기",
    "status": "주의",
    "efficiency": 87.2,
    "type": "압연기",
    "last_maintenance": "2024-07-24",
    "date": "2024-07-29"
  },
  {
    "id": "압연기_12호기",
    "name": "압연기_12호기",
    "status": "경고",
    "efficiency": 76.0,
    "type": "압연기",
    "last_maintenance": "2024-07-07",
    "date": "2024-07-29"
  },
  {
    "id": "압연기_13호기",
    "name": "압연기_13호기",
    "status": "경고",
    "efficiency": 81.8,
    "type": "압연기",
    "last_maintenance": "2024-07-11",
    "date": "2024-07-29"
  },
  {
    "id": "압연기_14호기",
    "name": "압연기_14호기",
    "status": "정상",
    "efficiency": 88.0,
    "type": "압연기",
    "last_maintenance": "2024-07-11",
    "date": "2024-07-29"
  },
  {
    "id": "압연기_15호기",
    "name": "압연기_15호기",
    "status": "정상",
    "efficiency": 94.2,
    "type": "압연기",
    "last_maintenance": "2024-07-21",
    "date": "2024-07-29"
  },
  {
    "id": "압연기_16호기",
    "name": "압연기_16호기",
    "status": "주의",
    "efficiency": 95.4,
    "type": "압연기",
    "last_maintenance": "2024-07-05",
    "date": "2024-07-29"
  },
  {
    "id": "압연기_17호기",
    "name": "압연기_17호기",
    "status": "경고",
    "efficiency": 70.5,
    "type": "압연기",
    "last_maintenance": "2024-07-28",
    "date": "2024-07-29"
  },
  {
    "id": "압연기_18호기",
    "name": "압연기_18호기",
    "status": "위험",
    "efficiency": 83.0,
    "type": "압연기",
    "last_maintenance": "2024-07-24",
    "date": "2024-07-29"
  },
  {
    "id": "압연기_19호기",
    "name": "압연기_19호기",
    "status": "위험",
    "efficiency": 96.8,
    "type": "압연기",
    "last_maintenance": "2024-07-19",
    "date": "2024-07-29"
  },
  {
    "id": "압연기_20호기",
    "name": "압연기_20호기",
    "status": "위험",
    "efficiency": 79.5,
    "type": "압연기",
    "last_maintenance": "2024-07-07",
    "date": "2024-07-29"
  },
  {
    "id": "압연기_21호기",
    "name": "압연기_21호기",
    "status": "위험",
    "efficiency": 85.7,
    "type": "압연기",
    "last_maintenance": "2024-07-21",
    "date": "2024-07-29"
  },
  {
    "id": "압연기_22호기",
    "name": "압연기_22호기",
    "status": "주의",
    "efficiency": 81.7,
    "type": "압연기",
    "last_maintenance": "2024-07-28",
    "date": "2024-07-29"
  },
  {
    "id": "압연기_23호기",
    "name": "압연기_23호기",
    "status": "주의",
    "efficiency": 78.6,
    "type": "압연기",
    "last_maintenance": "2024-07-22",
    "date": "2024-07-29"
  },
  {
    "id": "압연기_24호기",
    "name": "압연기_24호기",
    "status": "정상",
    "efficiency": 73.2,
    "type": "압연기",
    "last_maintenance": "2024-07-14",
    "date": "2024-07-29"
  },
  {
    "id": "압연기_25호기",
    "name": "압연기_25호기",
    "status": "정상",
    "efficiency": 90.4,
    "type": "압연기",
    "last_maintenance": "2024-07-07",
    "date": "2024-07-29"
  },
  {
    "id": "압연기_26호기",
    "name": "압연기_26호기",
    "status": "정상",
    "efficiency": 80.7,
    "type": "압연기",
    "last_maintenance": "2024-07-04",
    "date": "2024-07-29"
  },
  {
    "id": "압연기_27호기",
    "name": "압연기_27호기",
    "status": "정상",
    "efficiency": 86.7,
    "type": "압연기",
    "last_maintenance": "2024-07-11",
    "date": "2024-07-29"
  },
  {
    "id": "압연기_28호기",
    "name": "압연기_28호기",
    "status": "위험",
    "efficiency": 92.4,
    "type": "압연기",
    "last_maintenance": "2024-07-01",
    "date": "2024-07-29"
  },
  {
    "id": "압연기_29호기",
    "name": "압연기_29호기",
    "status": "정상",
    "efficiency": 72.3,
    "type": "압연기",
    "last_maintenance": "2024-07-07",
    "date": "2024-07-29"
  },
  {
    "id": "압연기_30호기",
    "name": "압연기_30호기",
    "status": "정상",
    "efficiency": 80.4,
    "type": "압연기",
    "last_maintenance": "2024-06-29",
    "date": "2024-07-29"
  },
  {
    "id": "압연기_31호기",
    "name": "압연기_31호기",
    "status": "주의",
    "efficiency": 82.8,
    "type": "압연기",
    "last_maintenance": "2024-07-26",
    "date": "2024-07-29"
  },
  {
    "id": "압연기_32호기",
    "name": "압연기_32호기",
    "status": "주의",
    "efficiency": 80.6,
    "type": "압연기",
    "last_maintenance": "2024-07-07",
    "date": "2024-07-29"
  },
  {
    "id": "압연기_33호기",
    "name": "압연기_33호기",
    "status": "정상",
    "efficiency": 73.9,
    "type": "압연기",
    "last_maintenance": "2024-07-02",
    "date": "2024-07-29"
  },
  {
    "id": "압연기_34호기",
    "name": "압연기_34호기",
    "status": "위험",
    "efficiency": 74.9,
    "type": "압연기",
    "last_maintenance": "2024-07-16",
    "date": "2024-07-29"
  },
  {
    "id": "압연기_35호기",
    "name": "압연기_35호기",
    "status": "경고",
    "efficiency": 95.7,
    "type": "압연기",
    "last_maintenance": "2024-07-18",
    "date": "2024-07-29"
  },
  {
    "id": "압연기_36호기",
    "name": "압연기_36호기",
    "status": "주의",
    "efficiency": 71.0,
    "type": "압연기",
    "last_maintenance": "2024-07-22",
    "date": "2024-07-29"
  },
  {
    "id": "압연기_37호기",
    "name": "압연기_37호기",
    "status": "경고",
    "efficiency": 70.1,
    "type": "압연기",
    "last_maintenance": "2024-07-20",
    "date": "2024-07-29"
  },
  {
    "id": "압연기_38호기",
    "name": "압연기_38호기",
    "status": "경고",
    "efficiency": 85.3,
    "type": "압연기",
    "last_maintenance": "2024-07-07",
    "date": "2024-07-29"
  },
  {
    "id": "압연기_39호기",
    "name": "압연기_39호기",
    "status": "정상",
    "efficiency": 95.2,
    "type": "압연기",
    "last_maintenance": "2024-07-01",
    "date": "2024-07-29"
  },
  {
    "id": "압연기_40호기",
    "name": "압연기_40호기",
    "status": "정상",
    "efficiency": 74.0,
    "type": "압연기",
    "last_maintenance": "2024-07-22",
    "date": "2024-07-29"
  },
  {
    "id": "압연기_41호기",
    "name": "압연기_41호기",
    "status": "위험",
    "efficiency": 81.3,
    "type": "압연기",
    "last_maintenance": "2024-07-10",
    "date": "2024-07-29"
  },
  {
    "id": "압연기_42호기",
    "name": "압연기_42호기",
    "status": "경고",
    "efficiency": 92.7,
    "type": "압연기",
    "last_maintenance": "2024-07-17",
    "date": "2024-07-29"
  },
  {
    "id": "압연기_43호기",
    "name": "압연기_43호기",
    "status": "위험",
    "efficiency": 83.4,
    "type": "압연기",
    "last_maintenance": "2024-07-04",
    "date": "2024-07-29"
  },
  {
    "id": "압연기_44호기",
    "name": "압연기_44호기",
    "status": "정상",
    "efficiency": 82.0,
    "type": "압연기",
    "last_maintenance": "2024-07-25",
    "date": "2024-07-29"
  },
  {
    "id": "압연기_45호기",
    "name": "압연기_45호기",
    "status": "주의",
    "efficiency": 73.7,
    "type": "압연기",
    "last_maintenance": "2024-07-25",
    "date": "2024-07-29"
  },
  {
    "id": "압연기_46호기",
    "name": "압연기_46호기",
    "status": "경고",
    "efficiency": 89.8,
    "type": "압연기",
    "last_maintenance": "2024-07-02",
    "date": "2024-07-29"
  },
  {
    "id": "압연기_47호기",
    "name": "압연기_47호기",
    "status": "주의",
    "efficiency": 89.9,
    "type": "압연기",
    "last_maintenance": "2024-07-18",
    "date": "2024-07-29"
  },
  {
    "id": "압연기_48호기",
    "name": "압연기_48호기",
    "status": "위험",
    "efficiency": 89.1,
    "type": "압연기",
    "last_maintenance": "2024-07-03",
    "date": "2024-07-29"
  },
  {
    "id": "압연기_49호기",
    "name": "압연기_49호기",
    "status": "정상",
    "efficiency": 96.5,
    "type": "압연기",
    "last_maintenance": "2024-07-01",
    "date": "2024-07-29"
  },
  {
    "id": "압연기_50호기",
    "name": "압연기_50호기",
    "status": "정상",
    "efficiency": 87.9,
    "type": "압연기",
    "last_maintenance": "2024-07-04",
    "date": "2024-07-29"
  },
  {
    "id": "압연기_1호기",
    "name": "압연기_1호기",
    "status": "정상",
    "efficiency": 73.9,
    "type": "압연기",
    "last_maintenance": "2024-07-24",
    "date": "2024-07-30"
  },
  {
    "id": "압연기_2호기",
    "name": "압연기_2호기",
    "status": "위험",
    "efficiency": 93.6,
    "type": "압연기",
    "last_maintenance": "2024-07-11",
    "date": "2024-07-30"
  },
  {
    "id": "압연기_3호기",
    "name": "압연기_3호기",
    "status": "경고",
    "efficiency": 88.4,
    "type": "압연기",
    "last_maintenance": "2024-07-04",
    "date": "2024-07-30"
  },
  {
    "id": "압연기_4호기",
    "name": "압연기_4호기",
    "status": "위험",
    "efficiency": 94.1,
    "type": "압연기",
    "last_maintenance": "2024-07-24",
    "date": "2024-07-30"
  },
  {
    "id": "압연기_5호기",
    "name": "압연기_5호기",
    "status": "정상",
    "efficiency": 83.2,
    "type": "압연기",
    "last_maintenance": "2024-07-26",
    "date": "2024-07-30"
  },
  {
    "id": "압연기_6호기",
    "name": "압연기_6호기",
    "status": "주의",
    "efficiency": 83.6,
    "type": "압연기",
    "last_maintenance": "2024-07-27",
    "date": "2024-07-30"
  },
  {
    "id": "압연기_7호기",
    "name": "압연기_7호기",
    "status": "경고",
    "efficiency": 83.3,
    "type": "압연기",
    "last_maintenance": "2024-07-17",
    "date": "2024-07-30"
  },
  {
    "id": "압연기_8호기",
    "name": "압연기_8호기",
    "status": "위험",
    "efficiency": 88.4,
    "type": "압연기",
    "last_maintenance": "2024-07-20",
    "date": "2024-07-30"
  },
  {
    "id": "압연기_9호기",
    "name": "압연기_9호기",
    "status": "정상",
    "efficiency": 73.9,
    "type": "압연기",
    "last_maintenance": "2024-07-23",
    "date": "2024-07-30"
  },
  {
    "id": "압연기_10호기",
    "name": "압연기_10호기",
    "status": "위험",
    "efficiency": 88.3,
    "type": "압연기",
    "last_maintenance": "2024-07-14",
    "date": "2024-07-30"
  },
  {
    "id": "압연기_11호기",
    "name": "압연기_11호기",
    "status": "주의",
    "efficiency": 91.7,
    "type": "압연기",
    "last_maintenance": "2024-07-12",
    "date": "2024-07-30"
  },
  {
    "id": "압연기_12호기",
    "name": "압연기_12호기",
    "status": "위험",
    "efficiency": 87.6,
    "type": "압연기",
    "last_maintenance": "2024-07-25",
    "date": "2024-07-30"
  },
  {
    "id": "압연기_13호기",
    "name": "압연기_13호기",
    "status": "정상",
    "efficiency": 86.0,
    "type": "압연기",
    "last_maintenance": "2024-07-15",
    "date": "2024-07-30"
  },
  {
    "id": "압연기_14호기",
    "name": "압연기_14호기",
    "status": "경고",
    "efficiency": 93.8,
    "type": "압연기",
    "last_maintenance": "2024-07-28",
    "date": "2024-07-30"
  },
  {
    "id": "압연기_15호기",
    "name": "압연기_15호기",
    "status": "위험",
    "efficiency": 87.3,
    "type": "압연기",
    "last_maintenance": "2024-07-19",
    "date": "2024-07-30"
  },
  {
    "id": "압연기_16호기",
    "name": "압연기_16호기",
    "status": "주의",
    "efficiency": 78.8,
    "type": "압연기",
    "last_maintenance": "2024-07-14",
    "date": "2024-07-30"
  },
  {
    "id": "압연기_17호기",
    "name": "압연기_17호기",
    "status": "위험",
    "efficiency": 84.8,
    "type": "압연기",
    "last_maintenance": "2024-07-15",
    "date": "2024-07-30"
  },
  {
    "id": "압연기_18호기",
    "name": "압연기_18호기",
    "status": "경고",
    "efficiency": 94.0,
    "type": "압연기",
    "last_maintenance": "2024-07-24",
    "date": "2024-07-30"
  },
  {
    "id": "압연기_19호기",
    "name": "압연기_19호기",
    "status": "경고",
    "efficiency": 77.5,
    "type": "압연기",
    "last_maintenance": "2024-07-13",
    "date": "2024-07-30"
  },
  {
    "id": "압연기_20호기",
    "name": "압연기_20호기",
    "status": "위험",
    "efficiency": 91.8,
    "type": "압연기",
    "last_maintenance": "2024-07-24",
    "date": "2024-07-30"
  },
  {
    "id": "압연기_21호기",
    "name": "압연기_21호기",
    "status": "정상",
    "efficiency": 85.6,
    "type": "압연기",
    "last_maintenance": "2024-06-30",
    "date": "2024-07-30"
  },
  {
    "id": "압연기_22호기",
    "name": "압연기_22호기",
    "status": "주의",
    "efficiency": 82.1,
    "type": "압연기",
    "last_maintenance": "2024-07-05",
    "date": "2024-07-30"
  },
  {
    "id": "압연기_23호기",
    "name": "압연기_23호기",
    "status": "경고",
    "efficiency": 75.2,
    "type": "압연기",
    "last_maintenance": "2024-07-21",
    "date": "2024-07-30"
  },
  {
    "id": "압연기_24호기",
    "name": "압연기_24호기",
    "status": "경고",
    "efficiency": 74.0,
    "type": "압연기",
    "last_maintenance": "2024-07-07",
    "date": "2024-07-30"
  },
  {
    "id": "압연기_25호기",
    "name": "압연기_25호기",
    "status": "경고",
    "efficiency": 95.2,
    "type": "압연기",
    "last_maintenance": "2024-07-05",
    "date": "2024-07-30"
  },
  {
    "id": "압연기_26호기",
    "name": "압연기_26호기",
    "status": "경고",
    "efficiency": 80.1,
    "type": "압연기",
    "last_maintenance": "2024-07-24",
    "date": "2024-07-30"
  },
  {
    "id": "압연기_27호기",
    "name": "압연기_27호기",
    "status": "정상",
    "efficiency": 81.8,
    "type": "압연기",
    "last_maintenance": "2024-07-10",
    "date": "2024-07-30"
  },
  {
    "id": "압연기_28호기",
    "name": "압연기_28호기",
    "status": "위험",
    "efficiency": 88.7,
    "type": "압연기",
    "last_maintenance": "2024-07-06",
    "date": "2024-07-30"
  },
  {
    "id": "압연기_29호기",
    "name": "압연기_29호기",
    "status": "주의",
    "efficiency": 85.7,
    "type": "압연기",
    "last_maintenance": "2024-07-07",
    "date": "2024-07-30"
  },
  {
    "id": "압연기_30호기",
    "name": "압연기_30호기",
    "status": "경고",
    "efficiency": 72.2,
    "type": "압연기",
    "last_maintenance": "2024-07-27",
    "date": "2024-07-30"
  },
  {
    "id": "압연기_31호기",
    "name": "압연기_31호기",
    "status": "위험",
    "efficiency": 83.0,
    "type": "압연기",
    "last_maintenance": "2024-06-30",
    "date": "2024-07-30"
  },
  {
    "id": "압연기_32호기",
    "name": "압연기_32호기",
    "status": "경고",
    "efficiency": 78.9,
    "type": "압연기",
    "last_maintenance": "2024-07-16",
    "date": "2024-07-30"
  },
  {
    "id": "압연기_33호기",
    "name": "압연기_33호기",
    "status": "경고",
    "efficiency": 76.4,
    "type": "압연기",
    "last_maintenance": "2024-07-23",
    "date": "2024-07-30"
  },
  {
    "id": "압연기_34호기",
    "name": "압연기_34호기",
    "status": "정상",
    "efficiency": 75.4,
    "type": "압연기",
    "last_maintenance": "2024-07-07",
    "date": "2024-07-30"
  },
  {
    "id": "압연기_35호기",
    "name": "압연기_35호기",
    "status": "위험",
    "efficiency": 82.0,
    "type": "압연기",
    "last_maintenance": "2024-07-02",
    "date": "2024-07-30"
  },
  {
    "id": "압연기_36호기",
    "name": "압연기_36호기",
    "status": "정상",
    "efficiency": 77.8,
    "type": "압연기",
    "last_maintenance": "2024-07-08",
    "date": "2024-07-30"
  },
  {
    "id": "압연기_37호기",
    "name": "압연기_37호기",
    "status": "경고",
    "efficiency": 71.1,
    "type": "압연기",
    "last_maintenance": "2024-06-30",
    "date": "2024-07-30"
  },
  {
    "id": "압연기_38호기",
    "name": "압연기_38호기",
    "status": "주의",
    "efficiency": 92.7,
    "type": "압연기",
    "last_maintenance": "2024-07-29",
    "date": "2024-07-30"
  },
  {
    "id": "압연기_39호기",
    "name": "압연기_39호기",
    "status": "위험",
    "efficiency": 77.9,
    "type": "압연기",
    "last_maintenance": "2024-07-06",
    "date": "2024-07-30"
  },
  {
    "id": "압연기_40호기",
    "name": "압연기_40호기",
    "status": "위험",
    "efficiency": 96.8,
    "type": "압연기",
    "last_maintenance": "2024-07-16",
    "date": "2024-07-30"
  },
  {
    "id": "압연기_41호기",
    "name": "압연기_41호기",
    "status": "위험",
    "efficiency": 91.4,
    "type": "압연기",
    "last_maintenance": "2024-07-04",
    "date": "2024-07-30"
  },
  {
    "id": "압연기_42호기",
    "name": "압연기_42호기",
    "status": "주의",
    "efficiency": 76.7,
    "type": "압연기",
    "last_maintenance": "2024-06-30",
    "date": "2024-07-30"
  },
  {
    "id": "압연기_43호기",
    "name": "압연기_43호기",
    "status": "위험",
    "efficiency": 76.4,
    "type": "압연기",
    "last_maintenance": "2024-07-25",
    "date": "2024-07-30"
  },
  {
    "id": "압연기_44호기",
    "name": "압연기_44호기",
    "status": "정상",
    "efficiency": 87.5,
    "type": "압연기",
    "last_maintenance": "2024-07-18",
    "date": "2024-07-30"
  },
  {
    "id": "압연기_45호기",
    "name": "압연기_45호기",
    "status": "위험",
    "efficiency": 78.0,
    "type": "압연기",
    "last_maintenance": "2024-07-09",
    "date": "2024-07-30"
  },
  {
    "id": "압연기_46호기",
    "name": "압연기_46호기",
    "status": "정상",
    "efficiency": 82.4,
    "type": "압연기",
    "last_maintenance": "2024-07-06",
    "date": "2024-07-30"
  },
  {
    "id": "압연기_47호기",
    "name": "압연기_47호기",
    "status": "정상",
    "efficiency": 92.4,
    "type": "압연기",
    "last_maintenance": "2024-07-14",
    "date": "2024-07-30"
  },
  {
    "id": "압연기_48호기",
    "name": "압연기_48호기",
    "status": "정상",
    "efficiency": 79.7,
    "type": "압연기",
    "last_maintenance": "2024-07-12",
    "date": "2024-07-30"
  },
  {
    "id": "압연기_49호기",
    "name": "압연기_49호기",
    "status": "경고",
    "efficiency": 89.8,
    "type": "압연기",
    "last_maintenance": "2024-07-27",
    "date": "2024-07-30"
  },
  {
    "id": "압연기_50호기",
    "name": "압연기_50호기",
    "status": "정상",
    "efficiency": 92.6,
    "type": "압연기",
    "last_maintenance": "2024-06-30",
    "date": "2024-07-30"
  },
  {
    "id": "압연기_1호기",
    "name": "압연기_1호기",
    "status": "위험",
    "efficiency": 76.7,
    "type": "압연기",
    "last_maintenance": "2024-07-18",
    "date": "2024-07-31"
  },
  {
    "id": "압연기_2호기",
    "name": "압연기_2호기",
    "status": "주의",
    "efficiency": 97.5,
    "type": "압연기",
    "last_maintenance": "2024-07-25",
    "date": "2024-07-31"
  },
  {
    "id": "압연기_3호기",
    "name": "압연기_3호기",
    "status": "정상",
    "efficiency": 94.6,
    "type": "압연기",
    "last_maintenance": "2024-07-27",
    "date": "2024-07-31"
  },
  {
    "id": "압연기_4호기",
    "name": "압연기_4호기",
    "status": "위험",
    "efficiency": 89.5,
    "type": "압연기",
    "last_maintenance": "2024-07-20",
    "date": "2024-07-31"
  },
  {
    "id": "압연기_5호기",
    "name": "압연기_5호기",
    "status": "위험",
    "efficiency": 76.5,
    "type": "압연기",
    "last_maintenance": "2024-07-09",
    "date": "2024-07-31"
  },
  {
    "id": "압연기_6호기",
    "name": "압연기_6호기",
    "status": "정상",
    "efficiency": 93.7,
    "type": "압연기",
    "last_maintenance": "2024-07-27",
    "date": "2024-07-31"
  },
  {
    "id": "압연기_7호기",
    "name": "압연기_7호기",
    "status": "정상",
    "efficiency": 70.4,
    "type": "압연기",
    "last_maintenance": "2024-07-25",
    "date": "2024-07-31"
  },
  {
    "id": "압연기_8호기",
    "name": "압연기_8호기",
    "status": "주의",
    "efficiency": 87.3,
    "type": "압연기",
    "last_maintenance": "2024-07-13",
    "date": "2024-07-31"
  },
  {
    "id": "압연기_9호기",
    "name": "압연기_9호기",
    "status": "경고",
    "efficiency": 71.0,
    "type": "압연기",
    "last_maintenance": "2024-07-24",
    "date": "2024-07-31"
  },
  {
    "id": "압연기_10호기",
    "name": "압연기_10호기",
    "status": "주의",
    "efficiency": 91.8,
    "type": "압연기",
    "last_maintenance": "2024-07-01",
    "date": "2024-07-31"
  },
  {
    "id": "압연기_11호기",
    "name": "압연기_11호기",
    "status": "위험",
    "efficiency": 94.1,
    "type": "압연기",
    "last_maintenance": "2024-07-19",
    "date": "2024-07-31"
  },
  {
    "id": "압연기_12호기",
    "name": "압연기_12호기",
    "status": "정상",
    "efficiency": 71.1,
    "type": "압연기",
    "last_maintenance": "2024-07-09",
    "date": "2024-07-31"
  },
  {
    "id": "압연기_13호기",
    "name": "압연기_13호기",
    "status": "경고",
    "efficiency": 81.1,
    "type": "압연기",
    "last_maintenance": "2024-07-06",
    "date": "2024-07-31"
  },
  {
    "id": "압연기_14호기",
    "name": "압연기_14호기",
    "status": "정상",
    "efficiency": 86.0,
    "type": "압연기",
    "last_maintenance": "2024-07-06",
    "date": "2024-07-31"
  },
  {
    "id": "압연기_15호기",
    "name": "압연기_15호기",
    "status": "위험",
    "efficiency": 87.5,
    "type": "압연기",
    "last_maintenance": "2024-07-06",
    "date": "2024-07-31"
  },
  {
    "id": "압연기_16호기",
    "name": "압연기_16호기",
    "status": "주의",
    "efficiency": 80.8,
    "type": "압연기",
    "last_maintenance": "2024-07-03",
    "date": "2024-07-31"
  },
  {
    "id": "압연기_17호기",
    "name": "압연기_17호기",
    "status": "주의",
    "efficiency": 90.5,
    "type": "압연기",
    "last_maintenance": "2024-07-23",
    "date": "2024-07-31"
  },
  {
    "id": "압연기_18호기",
    "name": "압연기_18호기",
    "status": "정상",
    "efficiency": 87.3,
    "type": "압연기",
    "last_maintenance": "2024-07-19",
    "date": "2024-07-31"
  },
  {
    "id": "압연기_19호기",
    "name": "압연기_19호기",
    "status": "정상",
    "efficiency": 92.7,
    "type": "압연기",
    "last_maintenance": "2024-07-07",
    "date": "2024-07-31"
  },
  {
    "id": "압연기_20호기",
    "name": "압연기_20호기",
    "status": "정상",
    "efficiency": 79.6,
    "type": "압연기",
    "last_maintenance": "2024-07-14",
    "date": "2024-07-31"
  },
  {
    "id": "압연기_21호기",
    "name": "압연기_21호기",
    "status": "위험",
    "efficiency": 73.8,
    "type": "압연기",
    "last_maintenance": "2024-07-30",
    "date": "2024-07-31"
  },
  {
    "id": "압연기_22호기",
    "name": "압연기_22호기",
    "status": "경고",
    "efficiency": 90.0,
    "type": "압연기",
    "last_maintenance": "2024-07-04",
    "date": "2024-07-31"
  },
  {
    "id": "압연기_23호기",
    "name": "압연기_23호기",
    "status": "위험",
    "efficiency": 81.8,
    "type": "압연기",
    "last_maintenance": "2024-07-01",
    "date": "2024-07-31"
  },
  {
    "id": "압연기_24호기",
    "name": "압연기_24호기",
    "status": "위험",
    "efficiency": 80.3,
    "type": "압연기",
    "last_maintenance": "2024-07-29",
    "date": "2024-07-31"
  },
  {
    "id": "압연기_25호기",
    "name": "압연기_25호기",
    "status": "주의",
    "efficiency": 88.3,
    "type": "압연기",
    "last_maintenance": "2024-07-06",
    "date": "2024-07-31"
  },
  {
    "id": "압연기_26호기",
    "name": "압연기_26호기",
    "status": "정상",
    "efficiency": 74.8,
    "type": "압연기",
    "last_maintenance": "2024-07-20",
    "date": "2024-07-31"
  },
  {
    "id": "압연기_27호기",
    "name": "압연기_27호기",
    "status": "위험",
    "efficiency": 94.3,
    "type": "압연기",
    "last_maintenance": "2024-07-23",
    "date": "2024-07-31"
  },
  {
    "id": "압연기_28호기",
    "name": "압연기_28호기",
    "status": "정상",
    "efficiency": 73.2,
    "type": "압연기",
    "last_maintenance": "2024-07-02",
    "date": "2024-07-31"
  },
  {
    "id": "압연기_29호기",
    "name": "압연기_29호기",
    "status": "정상",
    "efficiency": 77.4,
    "type": "압연기",
    "last_maintenance": "2024-07-10",
    "date": "2024-07-31"
  },
  {
    "id": "압연기_30호기",
    "name": "압연기_30호기",
    "status": "주의",
    "efficiency": 97.4,
    "type": "압연기",
    "last_maintenance": "2024-07-02",
    "date": "2024-07-31"
  },
  {
    "id": "압연기_31호기",
    "name": "압연기_31호기",
    "status": "정상",
    "efficiency": 81.1,
    "type": "압연기",
    "last_maintenance": "2024-07-14",
    "date": "2024-07-31"
  },
  {
    "id": "압연기_32호기",
    "name": "압연기_32호기",
    "status": "경고",
    "efficiency": 95.0,
    "type": "압연기",
    "last_maintenance": "2024-07-10",
    "date": "2024-07-31"
  },
  {
    "id": "압연기_33호기",
    "name": "압연기_33호기",
    "status": "위험",
    "efficiency": 80.7,
    "type": "압연기",
    "last_maintenance": "2024-07-03",
    "date": "2024-07-31"
  },
  {
    "id": "압연기_34호기",
    "name": "압연기_34호기",
    "status": "경고",
    "efficiency": 71.4,
    "type": "압연기",
    "last_maintenance": "2024-07-13",
    "date": "2024-07-31"
  },
  {
    "id": "압연기_35호기",
    "name": "압연기_35호기",
    "status": "위험",
    "efficiency": 78.2,
    "type": "압연기",
    "last_maintenance": "2024-07-17",
    "date": "2024-07-31"
  },
  {
    "id": "압연기_36호기",
    "name": "압연기_36호기",
    "status": "정상",
    "efficiency": 72.0,
    "type": "압연기",
    "last_maintenance": "2024-07-21",
    "date": "2024-07-31"
  },
  {
    "id": "압연기_37호기",
    "name": "압연기_37호기",
    "status": "주의",
    "efficiency": 78.7,
    "type": "압연기",
    "last_maintenance": "2024-07-23",
    "date": "2024-07-31"
  },
  {
    "id": "압연기_38호기",
    "name": "압연기_38호기",
    "status": "경고",
    "efficiency": 80.6,
    "type": "압연기",
    "last_maintenance": "2024-07-23",
    "date": "2024-07-31"
  },
  {
    "id": "압연기_39호기",
    "name": "압연기_39호기",
    "status": "주의",
    "efficiency": 78.1,
    "type": "압연기",
    "last_maintenance": "2024-07-25",
    "date": "2024-07-31"
  },
  {
    "id": "압연기_40호기",
    "name": "압연기_40호기",
    "status": "주의",
    "efficiency": 76.4,
    "type": "압연기",
    "last_maintenance": "2024-07-08",
    "date": "2024-07-31"
  },
  {
    "id": "압연기_41호기",
    "name": "압연기_41호기",
    "status": "정상",
    "efficiency": 77.2,
    "type": "압연기",
    "last_maintenance": "2024-07-01",
    "date": "2024-07-31"
  },
  {
    "id": "압연기_42호기",
    "name": "압연기_42호기",
    "status": "정상",
    "efficiency": 89.1,
    "type": "압연기",
    "last_maintenance": "2024-07-09",
    "date": "2024-07-31"
  },
  {
    "id": "압연기_43호기",
    "name": "압연기_43호기",
    "status": "경고",
    "efficiency": 93.6,
    "type": "압연기",
    "last_maintenance": "2024-07-04",
    "date": "2024-07-31"
  },
  {
    "id": "압연기_44호기",
    "name": "압연기_44호기",
    "status": "정상",
    "efficiency": 84.2,
    "type": "압연기",
    "last_maintenance": "2024-07-20",
    "date": "2024-07-31"
  },
  {
    "id": "압연기_45호기",
    "name": "압연기_45호기",
    "status": "주의",
    "efficiency": 90.7,
    "type": "압연기",
    "last_maintenance": "2024-07-26",
    "date": "2024-07-31"
  },
  {
    "id": "압연기_46호기",
    "name": "압연기_46호기",
    "status": "경고",
    "efficiency": 90.6,
    "type": "압연기",
    "last_maintenance": "2024-07-16",
    "date": "2024-07-31"
  },
  {
    "id": "압연기_47호기",
    "name": "압연기_47호기",
    "status": "정상",
    "efficiency": 77.6,
    "type": "압연기",
    "last_maintenance": "2024-07-30",
    "date": "2024-07-31"
  },
  {
    "id": "압연기_48호기",
    "name": "압연기_48호기",
    "status": "정상",
    "efficiency": 90.2,
    "type": "압연기",
    "last_maintenance": "2024-07-10",
    "date": "2024-07-31"
  },
  {
    "id": "압연기_49호기",
    "name": "압연기_49호기",
    "status": "경고",
    "efficiency": 74.9,
    "type": "압연기",
    "last_maintenance": "2024-07-08",
    "date": "2024-07-31"
  },
  {
    "id": "압연기_50호기",
    "name": "압연기_50호기",
    "status": "주의",
    "efficiency": 95.6,
    "type": "압연기",
    "last_maintenance": "2024-07-08",
    "date": "2024-07-31"
  },
  {
    "id": "압연기_1호기",
    "name": "압연기_1호기",
    "status": "위험",
    "efficiency": 84.9,
    "type": "압연기",
    "last_maintenance": "2024-07-16",
    "date": "2024-08-01"
  },
  {
    "id": "압연기_2호기",
    "name": "압연기_2호기",
    "status": "경고",
    "efficiency": 79.1,
    "type": "압연기",
    "last_maintenance": "2024-07-18",
    "date": "2024-08-01"
  },
  {
    "id": "압연기_3호기",
    "name": "압연기_3호기",
    "status": "위험",
    "efficiency": 95.8,
    "type": "압연기",
    "last_maintenance": "2024-07-26",
    "date": "2024-08-01"
  },
  {
    "id": "압연기_4호기",
    "name": "압연기_4호기",
    "status": "정상",
    "efficiency": 74.3,
    "type": "압연기",
    "last_maintenance": "2024-07-25",
    "date": "2024-08-01"
  },
  {
    "id": "압연기_5호기",
    "name": "압연기_5호기",
    "status": "경고",
    "efficiency": 95.4,
    "type": "압연기",
    "last_maintenance": "2024-07-20",
    "date": "2024-08-01"
  },
  {
    "id": "압연기_6호기",
    "name": "압연기_6호기",
    "status": "주의",
    "efficiency": 75.0,
    "type": "압연기",
    "last_maintenance": "2024-07-22",
    "date": "2024-08-01"
  },
  {
    "id": "압연기_7호기",
    "name": "압연기_7호기",
    "status": "경고",
    "efficiency": 96.2,
    "type": "압연기",
    "last_maintenance": "2024-07-28",
    "date": "2024-08-01"
  },
  {
    "id": "압연기_8호기",
    "name": "압연기_8호기",
    "status": "정상",
    "efficiency": 73.4,
    "type": "압연기",
    "last_maintenance": "2024-07-21",
    "date": "2024-08-01"
  },
  {
    "id": "압연기_9호기",
    "name": "압연기_9호기",
    "status": "주의",
    "efficiency": 88.5,
    "type": "압연기",
    "last_maintenance": "2024-07-30",
    "date": "2024-08-01"
  },
  {
    "id": "압연기_10호기",
    "name": "압연기_10호기",
    "status": "정상",
    "efficiency": 73.9,
    "type": "압연기",
    "last_maintenance": "2024-07-09",
    "date": "2024-08-01"
  },
  {
    "id": "압연기_11호기",
    "name": "압연기_11호기",
    "status": "정상",
    "efficiency": 91.1,
    "type": "압연기",
    "last_maintenance": "2024-07-28",
    "date": "2024-08-01"
  },
  {
    "id": "압연기_12호기",
    "name": "압연기_12호기",
    "status": "주의",
    "efficiency": 85.0,
    "type": "압연기",
    "last_maintenance": "2024-07-18",
    "date": "2024-08-01"
  },
  {
    "id": "압연기_13호기",
    "name": "압연기_13호기",
    "status": "경고",
    "efficiency": 88.9,
    "type": "압연기",
    "last_maintenance": "2024-07-12",
    "date": "2024-08-01"
  },
  {
    "id": "압연기_14호기",
    "name": "압연기_14호기",
    "status": "주의",
    "efficiency": 87.7,
    "type": "압연기",
    "last_maintenance": "2024-07-11",
    "date": "2024-08-01"
  },
  {
    "id": "압연기_15호기",
    "name": "압연기_15호기",
    "status": "정상",
    "efficiency": 72.0,
    "type": "압연기",
    "last_maintenance": "2024-07-27",
    "date": "2024-08-01"
  },
  {
    "id": "압연기_16호기",
    "name": "압연기_16호기",
    "status": "경고",
    "efficiency": 80.5,
    "type": "압연기",
    "last_maintenance": "2024-07-24",
    "date": "2024-08-01"
  },
  {
    "id": "압연기_17호기",
    "name": "압연기_17호기",
    "status": "경고",
    "efficiency": 83.2,
    "type": "압연기",
    "last_maintenance": "2024-07-21",
    "date": "2024-08-01"
  },
  {
    "id": "압연기_18호기",
    "name": "압연기_18호기",
    "status": "위험",
    "efficiency": 72.9,
    "type": "압연기",
    "last_maintenance": "2024-07-27",
    "date": "2024-08-01"
  },
  {
    "id": "압연기_19호기",
    "name": "압연기_19호기",
    "status": "주의",
    "efficiency": 75.4,
    "type": "압연기",
    "last_maintenance": "2024-07-18",
    "date": "2024-08-01"
  },
  {
    "id": "압연기_20호기",
    "name": "압연기_20호기",
    "status": "정상",
    "efficiency": 94.6,
    "type": "압연기",
    "last_maintenance": "2024-07-04",
    "date": "2024-08-01"
  },
  {
    "id": "압연기_21호기",
    "name": "압연기_21호기",
    "status": "위험",
    "efficiency": 78.1,
    "type": "압연기",
    "last_maintenance": "2024-07-04",
    "date": "2024-08-01"
  },
  {
    "id": "압연기_22호기",
    "name": "압연기_22호기",
    "status": "주의",
    "efficiency": 76.7,
    "type": "압연기",
    "last_maintenance": "2024-07-17",
    "date": "2024-08-01"
  },
  {
    "id": "압연기_23호기",
    "name": "압연기_23호기",
    "status": "경고",
    "efficiency": 93.4,
    "type": "압연기",
    "last_maintenance": "2024-07-04",
    "date": "2024-08-01"
  },
  {
    "id": "압연기_24호기",
    "name": "압연기_24호기",
    "status": "위험",
    "efficiency": 90.7,
    "type": "압연기",
    "last_maintenance": "2024-07-02",
    "date": "2024-08-01"
  },
  {
    "id": "압연기_25호기",
    "name": "압연기_25호기",
    "status": "정상",
    "efficiency": 78.7,
    "type": "압연기",
    "last_maintenance": "2024-07-12",
    "date": "2024-08-01"
  },
  {
    "id": "압연기_26호기",
    "name": "압연기_26호기",
    "status": "정상",
    "efficiency": 97.7,
    "type": "압연기",
    "last_maintenance": "2024-07-28",
    "date": "2024-08-01"
  },
  {
    "id": "압연기_27호기",
    "name": "압연기_27호기",
    "status": "정상",
    "efficiency": 84.7,
    "type": "압연기",
    "last_maintenance": "2024-07-22",
    "date": "2024-08-01"
  },
  {
    "id": "압연기_28호기",
    "name": "압연기_28호기",
    "status": "주의",
    "efficiency": 85.1,
    "type": "압연기",
    "last_maintenance": "2024-07-17",
    "date": "2024-08-01"
  },
  {
    "id": "압연기_29호기",
    "name": "압연기_29호기",
    "status": "정상",
    "efficiency": 94.3,
    "type": "압연기",
    "last_maintenance": "2024-07-12",
    "date": "2024-08-01"
  },
  {
    "id": "압연기_30호기",
    "name": "압연기_30호기",
    "status": "경고",
    "efficiency": 95.1,
    "type": "압연기",
    "last_maintenance": "2024-07-18",
    "date": "2024-08-01"
  },
  {
    "id": "압연기_31호기",
    "name": "압연기_31호기",
    "status": "경고",
    "efficiency": 86.6,
    "type": "압연기",
    "last_maintenance": "2024-07-05",
    "date": "2024-08-01"
  },
  {
    "id": "압연기_32호기",
    "name": "압연기_32호기",
    "status": "경고",
    "efficiency": 86.9,
    "type": "압연기",
    "last_maintenance": "2024-07-09",
    "date": "2024-08-01"
  },
  {
    "id": "압연기_33호기",
    "name": "압연기_33호기",
    "status": "위험",
    "efficiency": 83.1,
    "type": "압연기",
    "last_maintenance": "2024-07-10",
    "date": "2024-08-01"
  },
  {
    "id": "압연기_34호기",
    "name": "압연기_34호기",
    "status": "경고",
    "efficiency": 80.5,
    "type": "압연기",
    "last_maintenance": "2024-07-03",
    "date": "2024-08-01"
  },
  {
    "id": "압연기_35호기",
    "name": "압연기_35호기",
    "status": "경고",
    "efficiency": 94.6,
    "type": "압연기",
    "last_maintenance": "2024-07-25",
    "date": "2024-08-01"
  },
  {
    "id": "압연기_36호기",
    "name": "압연기_36호기",
    "status": "주의",
    "efficiency": 76.8,
    "type": "압연기",
    "last_maintenance": "2024-07-17",
    "date": "2024-08-01"
  },
  {
    "id": "압연기_37호기",
    "name": "압연기_37호기",
    "status": "주의",
    "efficiency": 79.3,
    "type": "압연기",
    "last_maintenance": "2024-07-02",
    "date": "2024-08-01"
  },
  {
    "id": "압연기_38호기",
    "name": "압연기_38호기",
    "status": "경고",
    "efficiency": 78.3,
    "type": "압연기",
    "last_maintenance": "2024-07-04",
    "date": "2024-08-01"
  },
  {
    "id": "압연기_39호기",
    "name": "압연기_39호기",
    "status": "주의",
    "efficiency": 88.6,
    "type": "압연기",
    "last_maintenance": "2024-07-04",
    "date": "2024-08-01"
  },
  {
    "id": "압연기_40호기",
    "name": "압연기_40호기",
    "status": "주의",
    "efficiency": 94.6,
    "type": "압연기",
    "last_maintenance": "2024-07-21",
    "date": "2024-08-01"
  },
  {
    "id": "압연기_41호기",
    "name": "압연기_41호기",
    "status": "정상",
    "efficiency": 89.9,
    "type": "압연기",
    "last_maintenance": "2024-07-26",
    "date": "2024-08-01"
  },
  {
    "id": "압연기_42호기",
    "name": "압연기_42호기",
    "status": "위험",
    "efficiency": 82.3,
    "type": "압연기",
    "last_maintenance": "2024-07-11",
    "date": "2024-08-01"
  },
  {
    "id": "압연기_43호기",
    "name": "압연기_43호기",
    "status": "주의",
    "efficiency": 83.6,
    "type": "압연기",
    "last_maintenance": "2024-07-31",
    "date": "2024-08-01"
  },
  {
    "id": "압연기_44호기",
    "name": "압연기_44호기",
    "status": "주의",
    "efficiency": 71.8,
    "type": "압연기",
    "last_maintenance": "2024-07-13",
    "date": "2024-08-01"
  },
  {
    "id": "압연기_45호기",
    "name": "압연기_45호기",
    "status": "주의",
    "efficiency": 96.0,
    "type": "압연기",
    "last_maintenance": "2024-07-20",
    "date": "2024-08-01"
  },
  {
    "id": "압연기_46호기",
    "name": "압연기_46호기",
    "status": "위험",
    "efficiency": 81.7,
    "type": "압연기",
    "last_maintenance": "2024-07-06",
    "date": "2024-08-01"
  },
  {
    "id": "압연기_47호기",
    "name": "압연기_47호기",
    "status": "경고",
    "efficiency": 96.0,
    "type": "압연기",
    "last_maintenance": "2024-07-03",
    "date": "2024-08-01"
  },
  {
    "id": "압연기_48호기",
    "name": "압연기_48호기",
    "status": "주의",
    "efficiency": 97.2,
    "type": "압연기",
    "last_maintenance": "2024-07-23",
    "date": "2024-08-01"
  },
  {
    "id": "압연기_49호기",
    "name": "압연기_49호기",
    "status": "주의",
    "efficiency": 70.2,
    "type": "압연기",
    "last_maintenance": "2024-07-31",
    "date": "2024-08-01"
  },
  {
    "id": "압연기_50호기",
    "name": "압연기_50호기",
    "status": "정상",
    "efficiency": 73.6,
    "type": "압연기",
    "last_maintenance": "2024-07-17",
    "date": "2024-08-01"
  },
  {
    "id": "압연기_1호기",
    "name": "압연기_1호기",
    "status": "정상",
    "efficiency": 89.8,
    "type": "압연기",
    "last_maintenance": "2024-07-17",
    "date": "2024-08-02"
  },
  {
    "id": "압연기_2호기",
    "name": "압연기_2호기",
    "status": "정상",
    "efficiency": 93.3,
    "type": "압연기",
    "last_maintenance": "2024-07-13",
    "date": "2024-08-02"
  },
  {
    "id": "압연기_3호기",
    "name": "압연기_3호기",
    "status": "주의",
    "efficiency": 93.3,
    "type": "압연기",
    "last_maintenance": "2024-07-26",
    "date": "2024-08-02"
  },
  {
    "id": "압연기_4호기",
    "name": "압연기_4호기",
    "status": "위험",
    "efficiency": 83.3,
    "type": "압연기",
    "last_maintenance": "2024-07-29",
    "date": "2024-08-02"
  },
  {
    "id": "압연기_5호기",
    "name": "압연기_5호기",
    "status": "정상",
    "efficiency": 82.6,
    "type": "압연기",
    "last_maintenance": "2024-07-28",
    "date": "2024-08-02"
  },
  {
    "id": "압연기_6호기",
    "name": "압연기_6호기",
    "status": "주의",
    "efficiency": 94.3,
    "type": "압연기",
    "last_maintenance": "2024-07-07",
    "date": "2024-08-02"
  },
  {
    "id": "압연기_7호기",
    "name": "압연기_7호기",
    "status": "경고",
    "efficiency": 78.3,
    "type": "압연기",
    "last_maintenance": "2024-07-03",
    "date": "2024-08-02"
  },
  {
    "id": "압연기_8호기",
    "name": "압연기_8호기",
    "status": "위험",
    "efficiency": 84.7,
    "type": "압연기",
    "last_maintenance": "2024-07-26",
    "date": "2024-08-02"
  },
  {
    "id": "압연기_9호기",
    "name": "압연기_9호기",
    "status": "정상",
    "efficiency": 90.7,
    "type": "압연기",
    "last_maintenance": "2024-07-18",
    "date": "2024-08-02"
  },
  {
    "id": "압연기_10호기",
    "name": "압연기_10호기",
    "status": "정상",
    "efficiency": 94.5,
    "type": "압연기",
    "last_maintenance": "2024-07-30",
    "date": "2024-08-02"
  },
  {
    "id": "압연기_11호기",
    "name": "압연기_11호기",
    "status": "정상",
    "efficiency": 83.8,
    "type": "압연기",
    "last_maintenance": "2024-07-06",
    "date": "2024-08-02"
  },
  {
    "id": "압연기_12호기",
    "name": "압연기_12호기",
    "status": "경고",
    "efficiency": 70.6,
    "type": "압연기",
    "last_maintenance": "2024-07-18",
    "date": "2024-08-02"
  },
  {
    "id": "압연기_13호기",
    "name": "압연기_13호기",
    "status": "주의",
    "efficiency": 94.0,
    "type": "압연기",
    "last_maintenance": "2024-07-19",
    "date": "2024-08-02"
  },
  {
    "id": "압연기_14호기",
    "name": "압연기_14호기",
    "status": "경고",
    "efficiency": 92.3,
    "type": "압연기",
    "last_maintenance": "2024-08-01",
    "date": "2024-08-02"
  },
  {
    "id": "압연기_15호기",
    "name": "압연기_15호기",
    "status": "위험",
    "efficiency": 74.8,
    "type": "압연기",
    "last_maintenance": "2024-07-09",
    "date": "2024-08-02"
  },
  {
    "id": "압연기_16호기",
    "name": "압연기_16호기",
    "status": "경고",
    "efficiency": 85.0,
    "type": "압연기",
    "last_maintenance": "2024-07-12",
    "date": "2024-08-02"
  },
  {
    "id": "압연기_17호기",
    "name": "압연기_17호기",
    "status": "정상",
    "efficiency": 73.1,
    "type": "압연기",
    "last_maintenance": "2024-07-29",
    "date": "2024-08-02"
  },
  {
    "id": "압연기_18호기",
    "name": "압연기_18호기",
    "status": "주의",
    "efficiency": 98.0,
    "type": "압연기",
    "last_maintenance": "2024-07-10",
    "date": "2024-08-02"
  },
  {
    "id": "압연기_19호기",
    "name": "압연기_19호기",
    "status": "정상",
    "efficiency": 76.8,
    "type": "압연기",
    "last_maintenance": "2024-07-03",
    "date": "2024-08-02"
  },
  {
    "id": "압연기_20호기",
    "name": "압연기_20호기",
    "status": "위험",
    "efficiency": 82.3,
    "type": "압연기",
    "last_maintenance": "2024-07-19",
    "date": "2024-08-02"
  },
  {
    "id": "압연기_21호기",
    "name": "압연기_21호기",
    "status": "위험",
    "efficiency": 94.5,
    "type": "압연기",
    "last_maintenance": "2024-07-15",
    "date": "2024-08-02"
  },
  {
    "id": "압연기_22호기",
    "name": "압연기_22호기",
    "status": "경고",
    "efficiency": 94.2,
    "type": "압연기",
    "last_maintenance": "2024-07-22",
    "date": "2024-08-02"
  },
  {
    "id": "압연기_23호기",
    "name": "압연기_23호기",
    "status": "주의",
    "efficiency": 70.5,
    "type": "압연기",
    "last_maintenance": "2024-07-24",
    "date": "2024-08-02"
  },
  {
    "id": "압연기_24호기",
    "name": "압연기_24호기",
    "status": "정상",
    "efficiency": 82.2,
    "type": "압연기",
    "last_maintenance": "2024-07-16",
    "date": "2024-08-02"
  },
  {
    "id": "압연기_25호기",
    "name": "압연기_25호기",
    "status": "위험",
    "efficiency": 78.3,
    "type": "압연기",
    "last_maintenance": "2024-07-29",
    "date": "2024-08-02"
  },
  {
    "id": "압연기_26호기",
    "name": "압연기_26호기",
    "status": "정상",
    "efficiency": 89.0,
    "type": "압연기",
    "last_maintenance": "2024-07-07",
    "date": "2024-08-02"
  },
  {
    "id": "압연기_27호기",
    "name": "압연기_27호기",
    "status": "정상",
    "efficiency": 89.2,
    "type": "압연기",
    "last_maintenance": "2024-07-15",
    "date": "2024-08-02"
  },
  {
    "id": "압연기_28호기",
    "name": "압연기_28호기",
    "status": "정상",
    "efficiency": 92.5,
    "type": "압연기",
    "last_maintenance": "2024-07-28",
    "date": "2024-08-02"
  },
  {
    "id": "압연기_29호기",
    "name": "압연기_29호기",
    "status": "경고",
    "efficiency": 77.3,
    "type": "압연기",
    "last_maintenance": "2024-07-11",
    "date": "2024-08-02"
  },
  {
    "id": "압연기_30호기",
    "name": "압연기_30호기",
    "status": "위험",
    "efficiency": 73.6,
    "type": "압연기",
    "last_maintenance": "2024-07-06",
    "date": "2024-08-02"
  },
  {
    "id": "압연기_31호기",
    "name": "압연기_31호기",
    "status": "위험",
    "efficiency": 93.8,
    "type": "압연기",
    "last_maintenance": "2024-07-29",
    "date": "2024-08-02"
  },
  {
    "id": "압연기_32호기",
    "name": "압연기_32호기",
    "status": "경고",
    "efficiency": 98.0,
    "type": "압연기",
    "last_maintenance": "2024-07-21",
    "date": "2024-08-02"
  },
  {
    "id": "압연기_33호기",
    "name": "압연기_33호기",
    "status": "정상",
    "efficiency": 92.2,
    "type": "압연기",
    "last_maintenance": "2024-07-10",
    "date": "2024-08-02"
  },
  {
    "id": "압연기_34호기",
    "name": "압연기_34호기",
    "status": "주의",
    "efficiency": 94.2,
    "type": "압연기",
    "last_maintenance": "2024-07-27",
    "date": "2024-08-02"
  },
  {
    "id": "압연기_35호기",
    "name": "압연기_35호기",
    "status": "주의",
    "efficiency": 71.6,
    "type": "압연기",
    "last_maintenance": "2024-07-18",
    "date": "2024-08-02"
  },
  {
    "id": "압연기_36호기",
    "name": "압연기_36호기",
    "status": "주의",
    "efficiency": 81.7,
    "type": "압연기",
    "last_maintenance": "2024-07-24",
    "date": "2024-08-02"
  },
  {
    "id": "압연기_37호기",
    "name": "압연기_37호기",
    "status": "주의",
    "efficiency": 94.0,
    "type": "압연기",
    "last_maintenance": "2024-07-14",
    "date": "2024-08-02"
  },
  {
    "id": "압연기_38호기",
    "name": "압연기_38호기",
    "status": "경고",
    "efficiency": 86.9,
    "type": "압연기",
    "last_maintenance": "2024-07-09",
    "date": "2024-08-02"
  },
  {
    "id": "압연기_39호기",
    "name": "압연기_39호기",
    "status": "정상",
    "efficiency": 93.9,
    "type": "압연기",
    "last_maintenance": "2024-07-13",
    "date": "2024-08-02"
  },
  {
    "id": "압연기_40호기",
    "name": "압연기_40호기",
    "status": "경고",
    "efficiency": 87.7,
    "type": "압연기",
    "last_maintenance": "2024-07-11",
    "date": "2024-08-02"
  },
  {
    "id": "압연기_41호기",
    "name": "압연기_41호기",
    "status": "위험",
    "efficiency": 75.0,
    "type": "압연기",
    "last_maintenance": "2024-07-22",
    "date": "2024-08-02"
  },
  {
    "id": "압연기_42호기",
    "name": "압연기_42호기",
    "status": "정상",
    "efficiency": 76.1,
    "type": "압연기",
    "last_maintenance": "2024-07-29",
    "date": "2024-08-02"
  },
  {
    "id": "압연기_43호기",
    "name": "압연기_43호기",
    "status": "경고",
    "efficiency": 91.4,
    "type": "압연기",
    "last_maintenance": "2024-07-24",
    "date": "2024-08-02"
  },
  {
    "id": "압연기_44호기",
    "name": "압연기_44호기",
    "status": "경고",
    "efficiency": 82.4,
    "type": "압연기",
    "last_maintenance": "2024-07-18",
    "date": "2024-08-02"
  },
  {
    "id": "압연기_45호기",
    "name": "압연기_45호기",
    "status": "경고",
    "efficiency": 76.5,
    "type": "압연기",
    "last_maintenance": "2024-07-13",
    "date": "2024-08-02"
  },
  {
    "id": "압연기_46호기",
    "name": "압연기_46호기",
    "status": "위험",
    "efficiency": 79.6,
    "type": "압연기",
    "last_maintenance": "2024-07-05",
    "date": "2024-08-02"
  },
  {
    "id": "압연기_47호기",
    "name": "압연기_47호기",
    "status": "위험",
    "efficiency": 81.5,
    "type": "압연기",
    "last_maintenance": "2024-08-01",
    "date": "2024-08-02"
  },
  {
    "id": "압연기_48호기",
    "name": "압연기_48호기",
    "status": "위험",
    "efficiency": 83.2,
    "type": "압연기",
    "last_maintenance": "2024-07-22",
    "date": "2024-08-02"
  },
  {
    "id": "압연기_49호기",
    "name": "압연기_49호기",
    "status": "주의",
    "efficiency": 93.9,
    "type": "압연기",
    "last_maintenance": "2024-07-13",
    "date": "2024-08-02"
  },
  {
    "id": "압연기_50호기",
    "name": "압연기_50호기",
    "status": "위험",
    "efficiency": 70.1,
    "type": "압연기",
    "last_maintenance": "2024-07-17",
    "date": "2024-08-02"
  },
  {
    "id": "압연기_1호기",
    "name": "압연기_1호기",
    "status": "정상",
    "efficiency": 73.8,
    "type": "압연기",
    "last_maintenance": "2024-08-02",
    "date": "2024-08-03"
  },
  {
    "id": "압연기_2호기",
    "name": "압연기_2호기",
    "status": "정상",
    "efficiency": 90.0,
    "type": "압연기",
    "last_maintenance": "2024-07-12",
    "date": "2024-08-03"
  },
  {
    "id": "압연기_3호기",
    "name": "압연기_3호기",
    "status": "정상",
    "efficiency": 77.8,
    "type": "압연기",
    "last_maintenance": "2024-07-21",
    "date": "2024-08-03"
  },
  {
    "id": "압연기_4호기",
    "name": "압연기_4호기",
    "status": "위험",
    "efficiency": 89.6,
    "type": "압연기",
    "last_maintenance": "2024-07-11",
    "date": "2024-08-03"
  },
  {
    "id": "압연기_5호기",
    "name": "압연기_5호기",
    "status": "정상",
    "efficiency": 80.9,
    "type": "압연기",
    "last_maintenance": "2024-07-13",
    "date": "2024-08-03"
  },
  {
    "id": "압연기_6호기",
    "name": "압연기_6호기",
    "status": "위험",
    "efficiency": 92.6,
    "type": "압연기",
    "last_maintenance": "2024-07-11",
    "date": "2024-08-03"
  },
  {
    "id": "압연기_7호기",
    "name": "압연기_7호기",
    "status": "위험",
    "efficiency": 88.7,
    "type": "압연기",
    "last_maintenance": "2024-07-31",
    "date": "2024-08-03"
  },
  {
    "id": "압연기_8호기",
    "name": "압연기_8호기",
    "status": "경고",
    "efficiency": 84.6,
    "type": "압연기",
    "last_maintenance": "2024-07-30",
    "date": "2024-08-03"
  },
  {
    "id": "압연기_9호기",
    "name": "압연기_9호기",
    "status": "경고",
    "efficiency": 84.9,
    "type": "압연기",
    "last_maintenance": "2024-07-13",
    "date": "2024-08-03"
  },
  {
    "id": "압연기_10호기",
    "name": "압연기_10호기",
    "status": "위험",
    "efficiency": 71.1,
    "type": "압연기",
    "last_maintenance": "2024-07-04",
    "date": "2024-08-03"
  },
  {
    "id": "압연기_11호기",
    "name": "압연기_11호기",
    "status": "정상",
    "efficiency": 85.2,
    "type": "압연기",
    "last_maintenance": "2024-08-01",
    "date": "2024-08-03"
  },
  {
    "id": "압연기_12호기",
    "name": "압연기_12호기",
    "status": "위험",
    "efficiency": 71.6,
    "type": "압연기",
    "last_maintenance": "2024-07-10",
    "date": "2024-08-03"
  },
  {
    "id": "압연기_13호기",
    "name": "압연기_13호기",
    "status": "위험",
    "efficiency": 92.6,
    "type": "압연기",
    "last_maintenance": "2024-08-02",
    "date": "2024-08-03"
  },
  {
    "id": "압연기_14호기",
    "name": "압연기_14호기",
    "status": "정상",
    "efficiency": 75.2,
    "type": "압연기",
    "last_maintenance": "2024-07-19",
    "date": "2024-08-03"
  },
  {
    "id": "압연기_15호기",
    "name": "압연기_15호기",
    "status": "주의",
    "efficiency": 75.4,
    "type": "압연기",
    "last_maintenance": "2024-08-01",
    "date": "2024-08-03"
  },
  {
    "id": "압연기_16호기",
    "name": "압연기_16호기",
    "status": "주의",
    "efficiency": 78.4,
    "type": "압연기",
    "last_maintenance": "2024-07-04",
    "date": "2024-08-03"
  },
  {
    "id": "압연기_17호기",
    "name": "압연기_17호기",
    "status": "주의",
    "efficiency": 93.7,
    "type": "압연기",
    "last_maintenance": "2024-07-05",
    "date": "2024-08-03"
  },
  {
    "id": "압연기_18호기",
    "name": "압연기_18호기",
    "status": "위험",
    "efficiency": 82.6,
    "type": "압연기",
    "last_maintenance": "2024-07-09",
    "date": "2024-08-03"
  },
  {
    "id": "압연기_19호기",
    "name": "압연기_19호기",
    "status": "정상",
    "efficiency": 74.2,
    "type": "압연기",
    "last_maintenance": "2024-07-17",
    "date": "2024-08-03"
  },
  {
    "id": "압연기_20호기",
    "name": "압연기_20호기",
    "status": "주의",
    "efficiency": 73.4,
    "type": "압연기",
    "last_maintenance": "2024-07-04",
    "date": "2024-08-03"
  },
  {
    "id": "압연기_21호기",
    "name": "압연기_21호기",
    "status": "경고",
    "efficiency": 72.7,
    "type": "압연기",
    "last_maintenance": "2024-07-14",
    "date": "2024-08-03"
  },
  {
    "id": "압연기_22호기",
    "name": "압연기_22호기",
    "status": "경고",
    "efficiency": 72.6,
    "type": "압연기",
    "last_maintenance": "2024-08-01",
    "date": "2024-08-03"
  },
  {
    "id": "압연기_23호기",
    "name": "압연기_23호기",
    "status": "위험",
    "efficiency": 92.2,
    "type": "압연기",
    "last_maintenance": "2024-08-02",
    "date": "2024-08-03"
  },
  {
    "id": "압연기_24호기",
    "name": "압연기_24호기",
    "status": "위험",
    "efficiency": 84.7,
    "type": "압연기",
    "last_maintenance": "2024-07-31",
    "date": "2024-08-03"
  },
  {
    "id": "압연기_25호기",
    "name": "압연기_25호기",
    "status": "주의",
    "efficiency": 97.6,
    "type": "압연기",
    "last_maintenance": "2024-07-28",
    "date": "2024-08-03"
  },
  {
    "id": "압연기_26호기",
    "name": "압연기_26호기",
    "status": "위험",
    "efficiency": 73.7,
    "type": "압연기",
    "last_maintenance": "2024-07-17",
    "date": "2024-08-03"
  },
  {
    "id": "압연기_27호기",
    "name": "압연기_27호기",
    "status": "위험",
    "efficiency": 95.4,
    "type": "압연기",
    "last_maintenance": "2024-07-07",
    "date": "2024-08-03"
  },
  {
    "id": "압연기_28호기",
    "name": "압연기_28호기",
    "status": "주의",
    "efficiency": 79.1,
    "type": "압연기",
    "last_maintenance": "2024-07-19",
    "date": "2024-08-03"
  },
  {
    "id": "압연기_29호기",
    "name": "압연기_29호기",
    "status": "정상",
    "efficiency": 73.1,
    "type": "압연기",
    "last_maintenance": "2024-07-24",
    "date": "2024-08-03"
  },
  {
    "id": "압연기_30호기",
    "name": "압연기_30호기",
    "status": "위험",
    "efficiency": 76.9,
    "type": "압연기",
    "last_maintenance": "2024-07-08",
    "date": "2024-08-03"
  },
  {
    "id": "압연기_31호기",
    "name": "압연기_31호기",
    "status": "위험",
    "efficiency": 71.2,
    "type": "압연기",
    "last_maintenance": "2024-08-02",
    "date": "2024-08-03"
  },
  {
    "id": "압연기_32호기",
    "name": "압연기_32호기",
    "status": "주의",
    "efficiency": 85.4,
    "type": "압연기",
    "last_maintenance": "2024-07-11",
    "date": "2024-08-03"
  },
  {
    "id": "압연기_33호기",
    "name": "압연기_33호기",
    "status": "경고",
    "efficiency": 97.7,
    "type": "압연기",
    "last_maintenance": "2024-07-25",
    "date": "2024-08-03"
  },
  {
    "id": "압연기_34호기",
    "name": "압연기_34호기",
    "status": "경고",
    "efficiency": 77.6,
    "type": "압연기",
    "last_maintenance": "2024-07-10",
    "date": "2024-08-03"
  },
  {
    "id": "압연기_35호기",
    "name": "압연기_35호기",
    "status": "위험",
    "efficiency": 78.5,
    "type": "압연기",
    "last_maintenance": "2024-07-12",
    "date": "2024-08-03"
  },
  {
    "id": "압연기_36호기",
    "name": "압연기_36호기",
    "status": "주의",
    "efficiency": 77.0,
    "type": "압연기",
    "last_maintenance": "2024-07-06",
    "date": "2024-08-03"
  },
  {
    "id": "압연기_37호기",
    "name": "압연기_37호기",
    "status": "경고",
    "efficiency": 90.1,
    "type": "압연기",
    "last_maintenance": "2024-07-18",
    "date": "2024-08-03"
  },
  {
    "id": "압연기_38호기",
    "name": "압연기_38호기",
    "status": "주의",
    "efficiency": 76.2,
    "type": "압연기",
    "last_maintenance": "2024-07-18",
    "date": "2024-08-03"
  },
  {
    "id": "압연기_39호기",
    "name": "압연기_39호기",
    "status": "경고",
    "efficiency": 80.1,
    "type": "압연기",
    "last_maintenance": "2024-07-14",
    "date": "2024-08-03"
  },
  {
    "id": "압연기_40호기",
    "name": "압연기_40호기",
    "status": "정상",
    "efficiency": 75.6,
    "type": "압연기",
    "last_maintenance": "2024-07-30",
    "date": "2024-08-03"
  },
  {
    "id": "압연기_41호기",
    "name": "압연기_41호기",
    "status": "정상",
    "efficiency": 95.3,
    "type": "압연기",
    "last_maintenance": "2024-07-16",
    "date": "2024-08-03"
  },
  {
    "id": "압연기_42호기",
    "name": "압연기_42호기",
    "status": "주의",
    "efficiency": 94.1,
    "type": "압연기",
    "last_maintenance": "2024-07-23",
    "date": "2024-08-03"
  },
  {
    "id": "압연기_43호기",
    "name": "압연기_43호기",
    "status": "위험",
    "efficiency": 84.2,
    "type": "압연기",
    "last_maintenance": "2024-07-28",
    "date": "2024-08-03"
  },
  {
    "id": "압연기_44호기",
    "name": "압연기_44호기",
    "status": "위험",
    "efficiency": 84.5,
    "type": "압연기",
    "last_maintenance": "2024-07-16",
    "date": "2024-08-03"
  },
  {
    "id": "압연기_45호기",
    "name": "압연기_45호기",
    "status": "위험",
    "efficiency": 88.2,
    "type": "압연기",
    "last_maintenance": "2024-07-08",
    "date": "2024-08-03"
  },
  {
    "id": "압연기_46호기",
    "name": "압연기_46호기",
    "status": "주의",
    "efficiency": 71.7,
    "type": "압연기",
    "last_maintenance": "2024-07-16",
    "date": "2024-08-03"
  },
  {
    "id": "압연기_47호기",
    "name": "압연기_47호기",
    "status": "주의",
    "efficiency": 70.5,
    "type": "압연기",
    "last_maintenance": "2024-07-05",
    "date": "2024-08-03"
  },
  {
    "id": "압연기_48호기",
    "name": "압연기_48호기",
    "status": "경고",
    "efficiency": 97.8,
    "type": "압연기",
    "last_maintenance": "2024-07-29",
    "date": "2024-08-03"
  },
  {
    "id": "압연기_49호기",
    "name": "압연기_49호기",
    "status": "경고",
    "efficiency": 72.6,
    "type": "압연기",
    "last_maintenance": "2024-07-04",
    "date": "2024-08-03"
  },
  {
    "id": "압연기_50호기",
    "name": "압연기_50호기",
    "status": "정상",
    "efficiency": 74.5,
    "type": "압연기",
    "last_maintenance": "2024-07-23",
    "date": "2024-08-03"
  },
  {
    "id": "압연기_1호기",
    "name": "압연기_1호기",
    "status": "정상",
    "efficiency": 93.5,
    "type": "압연기",
    "last_maintenance": "2024-07-17",
    "date": "2024-08-04"
  },
  {
    "id": "압연기_2호기",
    "name": "압연기_2호기",
    "status": "주의",
    "efficiency": 91.7,
    "type": "압연기",
    "last_maintenance": "2024-07-30",
    "date": "2024-08-04"
  },
  {
    "id": "압연기_3호기",
    "name": "압연기_3호기",
    "status": "경고",
    "efficiency": 73.8,
    "type": "압연기",
    "last_maintenance": "2024-07-12",
    "date": "2024-08-04"
  },
  {
    "id": "압연기_4호기",
    "name": "압연기_4호기",
    "status": "경고",
    "efficiency": 70.6,
    "type": "압연기",
    "last_maintenance": "2024-07-15",
    "date": "2024-08-04"
  },
  {
    "id": "압연기_5호기",
    "name": "압연기_5호기",
    "status": "위험",
    "efficiency": 85.9,
    "type": "압연기",
    "last_maintenance": "2024-07-15",
    "date": "2024-08-04"
  },
  {
    "id": "압연기_6호기",
    "name": "압연기_6호기",
    "status": "정상",
    "efficiency": 89.1,
    "type": "압연기",
    "last_maintenance": "2024-07-13",
    "date": "2024-08-04"
  },
  {
    "id": "압연기_7호기",
    "name": "압연기_7호기",
    "status": "경고",
    "efficiency": 86.6,
    "type": "압연기",
    "last_maintenance": "2024-07-09",
    "date": "2024-08-04"
  },
  {
    "id": "압연기_8호기",
    "name": "압연기_8호기",
    "status": "위험",
    "efficiency": 70.2,
    "type": "압연기",
    "last_maintenance": "2024-08-03",
    "date": "2024-08-04"
  },
  {
    "id": "압연기_9호기",
    "name": "압연기_9호기",
    "status": "정상",
    "efficiency": 89.7,
    "type": "압연기",
    "last_maintenance": "2024-07-07",
    "date": "2024-08-04"
  },
  {
    "id": "압연기_10호기",
    "name": "압연기_10호기",
    "status": "경고",
    "efficiency": 93.3,
    "type": "압연기",
    "last_maintenance": "2024-07-30",
    "date": "2024-08-04"
  },
  {
    "id": "압연기_11호기",
    "name": "압연기_11호기",
    "status": "정상",
    "efficiency": 87.7,
    "type": "압연기",
    "last_maintenance": "2024-07-31",
    "date": "2024-08-04"
  },
  {
    "id": "압연기_12호기",
    "name": "압연기_12호기",
    "status": "경고",
    "efficiency": 71.1,
    "type": "압연기",
    "last_maintenance": "2024-07-15",
    "date": "2024-08-04"
  },
  {
    "id": "압연기_13호기",
    "name": "압연기_13호기",
    "status": "정상",
    "efficiency": 88.4,
    "type": "압연기",
    "last_maintenance": "2024-07-24",
    "date": "2024-08-04"
  },
  {
    "id": "압연기_14호기",
    "name": "압연기_14호기",
    "status": "위험",
    "efficiency": 71.9,
    "type": "압연기",
    "last_maintenance": "2024-07-27",
    "date": "2024-08-04"
  },
  {
    "id": "압연기_15호기",
    "name": "압연기_15호기",
    "status": "주의",
    "efficiency": 93.5,
    "type": "압연기",
    "last_maintenance": "2024-07-12",
    "date": "2024-08-04"
  },
  {
    "id": "압연기_16호기",
    "name": "압연기_16호기",
    "status": "경고",
    "efficiency": 85.1,
    "type": "압연기",
    "last_maintenance": "2024-08-03",
    "date": "2024-08-04"
  },
  {
    "id": "압연기_17호기",
    "name": "압연기_17호기",
    "status": "주의",
    "efficiency": 77.9,
    "type": "압연기",
    "last_maintenance": "2024-07-28",
    "date": "2024-08-04"
  },
  {
    "id": "압연기_18호기",
    "name": "압연기_18호기",
    "status": "정상",
    "efficiency": 87.7,
    "type": "압연기",
    "last_maintenance": "2024-07-18",
    "date": "2024-08-04"
  },
  {
    "id": "압연기_19호기",
    "name": "압연기_19호기",
    "status": "위험",
    "efficiency": 80.8,
    "type": "압연기",
    "last_maintenance": "2024-07-15",
    "date": "2024-08-04"
  },
  {
    "id": "압연기_20호기",
    "name": "압연기_20호기",
    "status": "정상",
    "efficiency": 70.2,
    "type": "압연기",
    "last_maintenance": "2024-07-14",
    "date": "2024-08-04"
  },
  {
    "id": "압연기_21호기",
    "name": "압연기_21호기",
    "status": "주의",
    "efficiency": 90.9,
    "type": "압연기",
    "last_maintenance": "2024-07-15",
    "date": "2024-08-04"
  },
  {
    "id": "압연기_22호기",
    "name": "압연기_22호기",
    "status": "정상",
    "efficiency": 86.8,
    "type": "압연기",
    "last_maintenance": "2024-07-14",
    "date": "2024-08-04"
  },
  {
    "id": "압연기_23호기",
    "name": "압연기_23호기",
    "status": "정상",
    "efficiency": 77.6,
    "type": "압연기",
    "last_maintenance": "2024-08-03",
    "date": "2024-08-04"
  },
  {
    "id": "압연기_24호기",
    "name": "압연기_24호기",
    "status": "경고",
    "efficiency": 83.1,
    "type": "압연기",
    "last_maintenance": "2024-07-31",
    "date": "2024-08-04"
  },
  {
    "id": "압연기_25호기",
    "name": "압연기_25호기",
    "status": "정상",
    "efficiency": 77.2,
    "type": "압연기",
    "last_maintenance": "2024-07-30",
    "date": "2024-08-04"
  },
  {
    "id": "압연기_26호기",
    "name": "압연기_26호기",
    "status": "정상",
    "efficiency": 77.1,
    "type": "압연기",
    "last_maintenance": "2024-07-20",
    "date": "2024-08-04"
  },
  {
    "id": "압연기_27호기",
    "name": "압연기_27호기",
    "status": "정상",
    "efficiency": 78.7,
    "type": "압연기",
    "last_maintenance": "2024-07-26",
    "date": "2024-08-04"
  },
  {
    "id": "압연기_28호기",
    "name": "압연기_28호기",
    "status": "경고",
    "efficiency": 74.0,
    "type": "압연기",
    "last_maintenance": "2024-07-24",
    "date": "2024-08-04"
  },
  {
    "id": "압연기_29호기",
    "name": "압연기_29호기",
    "status": "주의",
    "efficiency": 77.5,
    "type": "압연기",
    "last_maintenance": "2024-07-05",
    "date": "2024-08-04"
  },
  {
    "id": "압연기_30호기",
    "name": "압연기_30호기",
    "status": "정상",
    "efficiency": 95.4,
    "type": "압연기",
    "last_maintenance": "2024-07-14",
    "date": "2024-08-04"
  },
  {
    "id": "압연기_31호기",
    "name": "압연기_31호기",
    "status": "정상",
    "efficiency": 81.8,
    "type": "압연기",
    "last_maintenance": "2024-07-11",
    "date": "2024-08-04"
  },
  {
    "id": "압연기_32호기",
    "name": "압연기_32호기",
    "status": "위험",
    "efficiency": 77.2,
    "type": "압연기",
    "last_maintenance": "2024-07-17",
    "date": "2024-08-04"
  },
  {
    "id": "압연기_33호기",
    "name": "압연기_33호기",
    "status": "위험",
    "efficiency": 73.9,
    "type": "압연기",
    "last_maintenance": "2024-07-24",
    "date": "2024-08-04"
  },
  {
    "id": "압연기_34호기",
    "name": "압연기_34호기",
    "status": "위험",
    "efficiency": 75.7,
    "type": "압연기",
    "last_maintenance": "2024-07-07",
    "date": "2024-08-04"
  },
  {
    "id": "압연기_35호기",
    "name": "압연기_35호기",
    "status": "경고",
    "efficiency": 85.9,
    "type": "압연기",
    "last_maintenance": "2024-07-17",
    "date": "2024-08-04"
  },
  {
    "id": "압연기_36호기",
    "name": "압연기_36호기",
    "status": "경고",
    "efficiency": 88.9,
    "type": "압연기",
    "last_maintenance": "2024-07-18",
    "date": "2024-08-04"
  },
  {
    "id": "압연기_37호기",
    "name": "압연기_37호기",
    "status": "주의",
    "efficiency": 81.1,
    "type": "압연기",
    "last_maintenance": "2024-07-14",
    "date": "2024-08-04"
  },
  {
    "id": "압연기_38호기",
    "name": "압연기_38호기",
    "status": "주의",
    "efficiency": 88.4,
    "type": "압연기",
    "last_maintenance": "2024-07-09",
    "date": "2024-08-04"
  },
  {
    "id": "압연기_39호기",
    "name": "압연기_39호기",
    "status": "정상",
    "efficiency": 90.6,
    "type": "압연기",
    "last_maintenance": "2024-07-24",
    "date": "2024-08-04"
  },
  {
    "id": "압연기_40호기",
    "name": "압연기_40호기",
    "status": "위험",
    "efficiency": 73.2,
    "type": "압연기",
    "last_maintenance": "2024-07-30",
    "date": "2024-08-04"
  },
  {
    "id": "압연기_41호기",
    "name": "압연기_41호기",
    "status": "위험",
    "efficiency": 77.5,
    "type": "압연기",
    "last_maintenance": "2024-07-09",
    "date": "2024-08-04"
  },
  {
    "id": "압연기_42호기",
    "name": "압연기_42호기",
    "status": "정상",
    "efficiency": 92.4,
    "type": "압연기",
    "last_maintenance": "2024-07-15",
    "date": "2024-08-04"
  },
  {
    "id": "압연기_43호기",
    "name": "압연기_43호기",
    "status": "위험",
    "efficiency": 87.6,
    "type": "압연기",
    "last_maintenance": "2024-07-25",
    "date": "2024-08-04"
  },
  {
    "id": "압연기_44호기",
    "name": "압연기_44호기",
    "status": "위험",
    "efficiency": 76.0,
    "type": "압연기",
    "last_maintenance": "2024-07-31",
    "date": "2024-08-04"
  },
  {
    "id": "압연기_45호기",
    "name": "압연기_45호기",
    "status": "위험",
    "efficiency": 91.3,
    "type": "압연기",
    "last_maintenance": "2024-07-19",
    "date": "2024-08-04"
  },
  {
    "id": "압연기_46호기",
    "name": "압연기_46호기",
    "status": "주의",
    "efficiency": 94.5,
    "type": "압연기",
    "last_maintenance": "2024-07-14",
    "date": "2024-08-04"
  },
  {
    "id": "압연기_47호기",
    "name": "압연기_47호기",
    "status": "주의",
    "efficiency": 76.4,
    "type": "압연기",
    "last_maintenance": "2024-07-14",
    "date": "2024-08-04"
  },
  {
    "id": "압연기_48호기",
    "name": "압연기_48호기",
    "status": "정상",
    "efficiency": 84.0,
    "type": "압연기",
    "last_maintenance": "2024-07-12",
    "date": "2024-08-04"
  },
  {
    "id": "압연기_49호기",
    "name": "압연기_49호기",
    "status": "주의",
    "efficiency": 78.6,
    "type": "압연기",
    "last_maintenance": "2024-07-16",
    "date": "2024-08-04"
  },
  {
    "id": "압연기_50호기",
    "name": "압연기_50호기",
    "status": "정상",
    "efficiency": 85.0,
    "type": "압연기",
    "last_maintenance": "2024-07-11",
    "date": "2024-08-04"
  }
]