[
  {
    "equipment": "압연기_16호기",
    "prediction_date": "2024-07-29",
    "probability": 0.386,
    "status": "낮음",
    "timestamp": "2024-07-28 00:00:00"
  },
  {
    "equipment": "압연기_32호기",
    "prediction_date": "2024-07-31",
    "probability": 0.762,
    "status": "높음",
    "timestamp": "2024-07-29 00:00:00"
  },
  {
    "equipment": "압연기_44호기",
    "prediction_date": "2024-08-01",
    "probability": 0.121,
    "status": "낮음",
    "timestamp": "2024-07-30 00:00:00"
  },
  {
    "equipment": "압연기_11호기",
    "prediction_date": "2024-08-04",
    "probability": 0.79,
    "status": "높음",
    "timestamp": "2024-07-31 00:00:00"
  },
  {
    "equipment": "압연기_39호기",
    "prediction_date": "2024-08-07",
    "probability": 0.155,
    "status": "낮음",
    "timestamp": "2024-08-01 00:00:00"
  },
  {
    "equipment": "압연기_12호기",
    "prediction_date": "2024-08-08",
    "probability": 0.648,
    "status": "보통",
    "timestamp": "2024-08-02 00:00:00"
  },
  {
    "equipment": "압연기_28호기",
    "prediction_date": "2024-08-07",
    "probability": 0.207,
    "status": "낮음",
    "timestamp": "2024-08-03 00:00:00"
  },
  {
    "equipment": "압연기_44호기",
    "prediction_date": "2024-08-07",
    "probability": 0.222,
    "status": "낮음",
    "timestamp": "2024-08-04 00:00:00"
  }
]