equipment,sensor_type,value,timestamp
압연기_36호기,전압,222.07,2024-07-28 00:42:48
압연기_11호기,유량,23.83,2024-07-28 00:54:58
압연기_22호기,전압,293.36,2024-07-28 00:25:09
압연기_1호기,위치,36.48,2024-07-28 01:05:46
압연기_17호기,속도,305.27,2024-07-28 01:37:39
압연기_1호기,속도,298.68,2024-07-28 02:35:24
압연기_18호기,위치,34.57,2024-07-28 02:19:21
압연기_30호기,유량,21.61,2024-07-28 02:36:51
압연기_47호기,압력,199.35,2024-07-28 03:37:58
압연기_39호기,유량,10.53,2024-07-28 03:16:26
압연기_4호기,전압,312.65,2024-07-28 03:13:44
압연기_34호기,전압,332.0,2024-07-28 03:08:23
압연기_7호기,전류,78.99,2024-07-28 04:44:21
압연기_20호기,온도,73.12,2024-07-28 04:55:15
압연기_14호기,위치,24.26,2024-07-28 04:03:09
압연기_35호기,압력,91.25,2024-07-28 05:15:51
압연기_10호기,전류,66.98,2024-07-28 05:37:54
압연기_38호기,전류,79.97,2024-07-28 05:04:37
압연기_42호기,전압,399.51,2024-07-28 05:52:31
압연기_50호기,속도,383.75,2024-07-28 06:43:21
압연기_28호기,전류,93.78,2024-07-28 06:23:00
압연기_9호기,온도,73.03,2024-07-28 06:33:15
압연기_30호기,전압,257.05,2024-07-28 06:52:52
압연기_15호기,전압,284.13,2024-07-28 06:10:14
압연기_29호기,전압,211.12,2024-07-28 06:49:58
압연기_17호기,진동,1.32,2024-07-28 06:16:10
압연기_5호기,온도,36.17,2024-07-28 06:27:36
압연기_26호기,속도,340.72,2024-07-28 06:15:13
압연기_37호기,전압,290.65,2024-07-28 06:21:56
압연기_13호기,속도,378.02,2024-07-28 06:50:17
압연기_11호기,진동,3.89,2024-07-28 07:31:23
압연기_39호기,진동,3.93,2024-07-28 07:19:16
압연기_43호기,위치,9.69,2024-07-28 07:55:04
압연기_46호기,속도,484.95,2024-07-28 07:01:40
압연기_45호기,온도,48.16,2024-07-28 07:49:01
압연기_7호기,진동,2.64,2024-07-28 07:25:49
압연기_26호기,진동,4.48,2024-07-28 07:01:08
압연기_39호기,전압,355.19,2024-07-28 07:04:59
압연기_14호기,진동,4.96,2024-07-28 07:04:00
압연기_8호기,전압,362.96,2024-07-28 07:33:54
압연기_23호기,온도,32.77,2024-07-28 07:31:35
압연기_1호기,속도,248.99,2024-07-28 08:19:19
압연기_49호기,진동,3.94,2024-07-28 08:13:42
압연기_38호기,온도,32.56,2024-07-28 08:41:14
압연기_12호기,속도,338.49,2024-07-28 08:07:54
압연기_13호기,위치,53.49,2024-07-28 08:38:03
압연기_45호기,압력,130.4,2024-07-28 08:59:28
압연기_3호기,압력,151.99,2024-07-28 08:16:27
압연기_14호기,전류,37.5,2024-07-28 08:39:57
압연기_15호기,유량,31.04,2024-07-28 08:31:04
압연기_18호기,진동,3.23,2024-07-28 08:28:59
압연기_21호기,전류,10.23,2024-07-28 09:29:05
압연기_24호기,압력,120.66,2024-07-28 09:50:51
압연기_23호기,전압,214.49,2024-07-28 09:03:14
압연기_39호기,온도,63.81,2024-07-28 09:08:46
압연기_26호기,진동,0.68,2024-07-28 09:28:50
압연기_26호기,전류,70.6,2024-07-28 09:29:55
압연기_21호기,전류,23.15,2024-07-28 09:25:18
압연기_9호기,위치,25.72,2024-07-28 09:02:01
압연기_10호기,온도,70.49,2024-07-28 09:59:44
압연기_22호기,진동,0.39,2024-07-28 09:37:39
압연기_22호기,전류,42.79,2024-07-28 10:22:37
압연기_10호기,전류,12.46,2024-07-28 10:21:27
압연기_5호기,속도,249.88,2024-07-28 10:24:15
압연기_31호기,위치,91.36,2024-07-28 10:39:56
압연기_39호기,진동,3.48,2024-07-28 10:20:05
압연기_45호기,진동,2.87,2024-07-28 10:48:50
압연기_47호기,진동,2.68,2024-07-28 10:30:23
압연기_50호기,속도,244.23,2024-07-28 10:59:13
압연기_12호기,전압,275.11,2024-07-28 10:07:32
압연기_42호기,유량,22.48,2024-07-28 11:18:11
압연기_21호기,온도,77.17,2024-07-28 11:45:40
압연기_34호기,속도,209.89,2024-07-28 11:42:30
압연기_32호기,진동,0.7,2024-07-28 11:06:13
압연기_5호기,위치,94.33,2024-07-28 11:36:32
압연기_27호기,전류,86.28,2024-07-28 11:54:36
압연기_11호기,전류,31.16,2024-07-28 11:27:28
압연기_46호기,진동,0.17,2024-07-28 11:01:12
압연기_48호기,유량,26.21,2024-07-28 11:18:30
압연기_1호기,압력,72.98,2024-07-28 11:47:00
압연기_48호기,압력,51.78,2024-07-28 12:24:47
압연기_5호기,진동,2.21,2024-07-28 12:20:38
압연기_47호기,전압,215.46,2024-07-28 12:35:10
압연기_3호기,위치,43.6,2024-07-28 12:00:44
압연기_21호기,진동,0.78,2024-07-28 12:57:25
압연기_35호기,진동,0.79,2024-07-28 12:24:52
압연기_34호기,전류,42.6,2024-07-28 12:25:14
압연기_20호기,전압,250.74,2024-07-28 12:54:13
압연기_30호기,온도,62.26,2024-07-28 12:06:30
압연기_12호기,압력,70.04,2024-07-28 13:19:20
압연기_28호기,속도,236.75,2024-07-28 13:05:19
압연기_10호기,압력,167.31,2024-07-28 13:18:41
압연기_27호기,유량,27.86,2024-07-28 13:35:36
압연기_12호기,진동,4.0,2024-07-28 13:29:18
압연기_49호기,전압,206.01,2024-07-28 13:55:51
압연기_36호기,온도,38.25,2024-07-28 13:19:25
압연기_31호기,진동,3.77,2024-07-28 13:03:39
압연기_33호기,압력,108.97,2024-07-28 13:03:03
압연기_27호기,전압,228.06,2024-07-28 13:42:42
압연기_37호기,전압,328.59,2024-07-28 14:15:05
압연기_8호기,압력,63.43,2024-07-28 14:37:36
압연기_11호기,위치,48.69,2024-07-28 14:04:18
압연기_12호기,속도,169.13,2024-07-28 14:55:16
압연기_26호기,위치,58.51,2024-07-28 14:30:59
압연기_41호기,속도,216.07,2024-07-28 14:57:01
압연기_34호기,유량,43.89,2024-07-28 14:46:57
압연기_24호기,속도,227.79,2024-07-28 14:28:01
압연기_44호기,압력,107.38,2024-07-28 14:21:45
압연기_48호기,위치,88.06,2024-07-28 14:49:02
압연기_38호기,전압,249.87,2024-07-28 14:50:02
압연기_16호기,압력,110.98,2024-07-28 15:55:08
압연기_40호기,속도,409.1,2024-07-28 15:25:57
압연기_46호기,진동,1.66,2024-07-28 15:44:14
압연기_39호기,압력,60.86,2024-07-28 15:55:56
압연기_40호기,전류,29.84,2024-07-28 15:38:56
압연기_40호기,유량,24.35,2024-07-28 15:04:40
압연기_42호기,위치,54.84,2024-07-28 15:51:32
압연기_32호기,전압,268.45,2024-07-28 15:53:40
압연기_4호기,속도,326.96,2024-07-28 16:21:31
압연기_23호기,위치,8.43,2024-07-28 16:29:07
압연기_16호기,전압,227.36,2024-07-28 16:45:53
압연기_41호기,진동,3.6,2024-07-28 16:42:48
압연기_17호기,위치,10.48,2024-07-28 16:28:59
압연기_12호기,전류,16.03,2024-07-28 16:17:11
압연기_33호기,속도,406.98,2024-07-28 16:18:53
압연기_2호기,압력,171.02,2024-07-28 16:46:28
압연기_20호기,전압,214.12,2024-07-28 16:06:57
압연기_20호기,유량,36.4,2024-07-28 16:18:04
압연기_8호기,유량,26.33,2024-07-28 17:33:44
압연기_5호기,온도,46.75,2024-07-28 17:37:33
압연기_13호기,온도,24.79,2024-07-28 17:59:42
압연기_17호기,진동,3.89,2024-07-28 17:24:40
압연기_1호기,유량,20.69,2024-07-28 17:09:48
압연기_4호기,속도,112.76,2024-07-28 17:12:04
압연기_24호기,진동,3.33,2024-07-28 17:38:32
압연기_13호기,온도,52.49,2024-07-28 17:41:39
압연기_38호기,전압,275.3,2024-07-28 17:45:12
압연기_29호기,유량,37.43,2024-07-28 18:21:37
압연기_23호기,전류,74.18,2024-07-28 18:16:07
압연기_23호기,위치,46.53,2024-07-28 18:44:30
압연기_30호기,전류,52.08,2024-07-28 18:27:04
압연기_21호기,유량,42.97,2024-07-28 18:00:48
압연기_10호기,진동,3.31,2024-07-28 18:33:39
압연기_22호기,전압,386.79,2024-07-28 18:44:58
압연기_9호기,진동,1.99,2024-07-28 18:59:23
압연기_36호기,전류,46.82,2024-07-28 18:35:43
압연기_28호기,속도,456.51,2024-07-28 18:09:23
압연기_25호기,진동,3.72,2024-07-28 19:41:01
압연기_33호기,온도,47.88,2024-07-28 19:24:36
압연기_49호기,전압,264.81,2024-07-28 19:37:53
압연기_22호기,압력,100.25,2024-07-28 19:43:09
압연기_47호기,온도,26.46,2024-07-28 20:16:44
압연기_20호기,전압,385.24,2024-07-28 20:38:56
압연기_43호기,진동,1.86,2024-07-28 20:40:23
압연기_23호기,온도,50.77,2024-07-28 21:10:48
압연기_4호기,압력,106.45,2024-07-28 21:14:53
압연기_16호기,압력,135.27,2024-07-28 21:50:41
압연기_8호기,압력,193.68,2024-07-28 22:31:25
압연기_24호기,위치,95.09,2024-07-28 22:59:53
압연기_20호기,유량,49.98,2024-07-28 22:26:23
압연기_20호기,압력,154.73,2024-07-28 22:23:43
압연기_10호기,위치,96.14,2024-07-28 23:23:15
압연기_33호기,위치,15.45,2024-07-28 23:14:16
압연기_44호기,속도,101.15,2024-07-28 23:17:22
압연기_30호기,온도,35.13,2024-07-28 23:43:54
압연기_23호기,유량,44.17,2024-07-29 00:14:47
압연기_11호기,온도,44.94,2024-07-29 00:43:28
압연기_7호기,진동,2.33,2024-07-29 00:16:13
압연기_34호기,압력,76.45,2024-07-29 00:01:11
압연기_2호기,진동,3.29,2024-07-29 01:35:55
압연기_35호기,유량,33.13,2024-07-29 01:26:57
압연기_9호기,압력,144.48,2024-07-29 02:37:40
압연기_13호기,진동,1.74,2024-07-29 02:09:04
압연기_46호기,온도,63.92,2024-07-29 02:41:26
압연기_28호기,속도,287.67,2024-07-29 02:40:42
압연기_23호기,유량,34.98,2024-07-29 03:21:10
압연기_10호기,유량,32.06,2024-07-29 03:59:55
압연기_39호기,유량,36.07,2024-07-29 03:32:31
압연기_28호기,유량,48.69,2024-07-29 04:38:38
압연기_23호기,온도,66.92,2024-07-29 04:41:46
압연기_48호기,압력,72.76,2024-07-29 04:55:49
압연기_23호기,위치,80.88,2024-07-29 05:28:33
압연기_29호기,속도,251.09,2024-07-29 05:53:39
압연기_46호기,전류,64.64,2024-07-29 05:19:31
압연기_19호기,위치,44.73,2024-07-29 06:45:37
압연기_41호기,온도,62.43,2024-07-29 06:12:43
압연기_49호기,속도,252.34,2024-07-29 06:03:38
압연기_24호기,속도,442.68,2024-07-29 06:23:20
압연기_23호기,전압,282.93,2024-07-29 06:09:08
압연기_8호기,유량,28.95,2024-07-29 06:04:48
압연기_29호기,진동,2.37,2024-07-29 06:55:39
압연기_12호기,속도,464.35,2024-07-29 06:49:12
압연기_7호기,진동,4.76,2024-07-29 07:43:42
압연기_32호기,전압,294.33,2024-07-29 07:32:18
압연기_47호기,위치,91.68,2024-07-29 07:29:22
압연기_5호기,전류,87.88,2024-07-29 07:57:21
압연기_15호기,압력,93.33,2024-07-29 07:23:51
압연기_36호기,압력,75.38,2024-07-29 07:52:36
압연기_12호기,속도,143.66,2024-07-29 07:24:09
압연기_14호기,위치,94.83,2024-07-29 07:38:40
압연기_9호기,전압,236.71,2024-07-29 07:33:58
압연기_44호기,위치,51.81,2024-07-29 07:16:14
압연기_6호기,속도,210.29,2024-07-29 08:38:08
압연기_14호기,속도,112.68,2024-07-29 08:02:18
압연기_13호기,진동,1.45,2024-07-29 08:22:35
압연기_45호기,진동,3.95,2024-07-29 08:34:22
압연기_24호기,온도,59.49,2024-07-29 08:11:56
압연기_29호기,위치,47.64,2024-07-29 08:14:44
압연기_45호기,속도,221.56,2024-07-29 08:18:48
압연기_6호기,속도,273.75,2024-07-29 08:42:34
압연기_22호기,온도,58.93,2024-07-29 08:43:00
압연기_14호기,온도,32.12,2024-07-29 08:20:30
압연기_4호기,진동,0.8,2024-07-29 08:48:53
압연기_29호기,유량,49.19,2024-07-29 08:52:54
압연기_10호기,전류,73.77,2024-07-29 09:58:04
압연기_3호기,속도,484.63,2024-07-29 09:28:01
압연기_23호기,속도,264.27,2024-07-29 09:59:34
압연기_35호기,위치,99.24,2024-07-29 09:42:26
압연기_18호기,전류,13.42,2024-07-29 09:44:37
압연기_22호기,온도,79.82,2024-07-29 09:08:32
압연기_3호기,전압,245.27,2024-07-29 09:42:42
압연기_37호기,온도,29.94,2024-07-29 09:41:47
압연기_21호기,온도,23.57,2024-07-29 09:33:24
압연기_30호기,전류,58.73,2024-07-29 09:29:09
압연기_21호기,속도,428.08,2024-07-29 09:41:57
압연기_43호기,위치,46.17,2024-07-29 10:27:48
압연기_13호기,압력,145.93,2024-07-29 10:14:30
압연기_27호기,유량,26.03,2024-07-29 10:32:24
압연기_40호기,전압,320.12,2024-07-29 10:50:21
압연기_16호기,위치,11.08,2024-07-29 10:47:39
압연기_49호기,온도,22.08,2024-07-29 10:13:42
압연기_35호기,압력,66.72,2024-07-29 10:55:44
압연기_29호기,전류,97.77,2024-07-29 10:00:50
압연기_34호기,유량,11.81,2024-07-29 10:18:48
압연기_16호기,온도,25.43,2024-07-29 10:21:05
압연기_3호기,압력,143.72,2024-07-29 11:12:56
압연기_10호기,온도,69.7,2024-07-29 11:57:14
압연기_36호기,유량,46.51,2024-07-29 11:51:25
압연기_4호기,전류,22.83,2024-07-29 11:31:41
압연기_4호기,전압,219.11,2024-07-29 11:46:02
압연기_29호기,전압,288.5,2024-07-29 11:57:49
압연기_32호기,위치,94.18,2024-07-29 11:11:33
압연기_19호기,진동,2.21,2024-07-29 11:00:59
압연기_31호기,속도,275.61,2024-07-29 11:42:36
압연기_8호기,압력,53.18,2024-07-29 11:26:01
압연기_40호기,전류,71.25,2024-07-29 12:31:01
압연기_22호기,전압,281.79,2024-07-29 12:04:27
압연기_41호기,위치,2.58,2024-07-29 12:54:12
압연기_13호기,위치,42.5,2024-07-29 12:17:42
압연기_21호기,압력,131.6,2024-07-29 12:03:13
압연기_39호기,전류,39.2,2024-07-29 12:02:25
압연기_33호기,위치,39.44,2024-07-29 12:11:12
압연기_43호기,유량,16.0,2024-07-29 12:09:06
압연기_24호기,온도,63.71,2024-07-29 12:10:26
압연기_47호기,전압,288.39,2024-07-29 13:03:21
압연기_47호기,온도,43.06,2024-07-29 13:23:59
압연기_37호기,진동,1.53,2024-07-29 13:21:26
압연기_28호기,속도,256.41,2024-07-29 13:53:57
압연기_21호기,전압,293.93,2024-07-29 13:07:00
압연기_12호기,위치,29.9,2024-07-29 13:17:41
압연기_24호기,속도,451.36,2024-07-29 13:36:11
압연기_17호기,압력,60.79,2024-07-29 13:22:04
압연기_29호기,압력,120.81,2024-07-29 13:39:34
압연기_50호기,전류,25.63,2024-07-29 13:16:09
압연기_43호기,온도,74.73,2024-07-29 14:46:40
압연기_40호기,전압,207.26,2024-07-29 14:17:52
압연기_21호기,전압,205.98,2024-07-29 14:52:52
압연기_46호기,속도,187.77,2024-07-29 14:44:44
압연기_8호기,전류,34.52,2024-07-29 14:42:59
압연기_8호기,유량,37.49,2024-07-29 14:30:20
압연기_16호기,전압,282.82,2024-07-29 14:41:19
압연기_9호기,진동,4.85,2024-07-29 14:25:09
압연기_34호기,속도,102.04,2024-07-29 14:03:05
압연기_44호기,위치,89.64,2024-07-29 15:09:46
압연기_9호기,전류,46.27,2024-07-29 15:09:30
압연기_35호기,온도,76.43,2024-07-29 15:43:58
압연기_43호기,유량,40.02,2024-07-29 15:12:40
압연기_23호기,위치,13.36,2024-07-29 15:41:15
압연기_30호기,위치,77.95,2024-07-29 15:34:05
압연기_38호기,속도,478.67,2024-07-29 15:39:12
압연기_39호기,속도,274.7,2024-07-29 15:53:01
압연기_18호기,진동,0.81,2024-07-29 15:27:28
압연기_17호기,전류,96.38,2024-07-29 15:09:27
압연기_35호기,온도,74.68,2024-07-29 15:34:35
압연기_47호기,진동,2.81,2024-07-29 16:28:55
압연기_10호기,유량,25.36,2024-07-29 16:57:00
압연기_32호기,온도,72.27,2024-07-29 16:08:12
압연기_25호기,온도,43.79,2024-07-29 16:15:34
압연기_20호기,전류,28.54,2024-07-29 16:24:36
압연기_3호기,전류,26.73,2024-07-29 16:31:46
압연기_2호기,압력,111.62,2024-07-29 16:09:12
압연기_31호기,유량,10.5,2024-07-29 16:57:34
압연기_27호기,유량,49.37,2024-07-29 16:29:13
압연기_25호기,위치,58.13,2024-07-29 17:50:31
압연기_32호기,속도,210.74,2024-07-29 17:01:05
압연기_41호기,압력,123.15,2024-07-29 17:08:48
압연기_2호기,온도,61.6,2024-07-29 17:35:25
압연기_5호기,전압,390.93,2024-07-29 17:31:33
압연기_22호기,전압,271.96,2024-07-29 17:34:58
압연기_21호기,위치,71.54,2024-07-29 17:09:05
압연기_20호기,전압,308.88,2024-07-29 17:47:09
압연기_29호기,진동,2.8,2024-07-29 17:19:04
압연기_36호기,전류,72.35,2024-07-29 17:48:12
압연기_18호기,위치,94.99,2024-07-29 18:42:43
압연기_6호기,전압,216.26,2024-07-29 18:36:55
압연기_40호기,위치,32.32,2024-07-29 18:37:34
압연기_11호기,전류,85.26,2024-07-29 18:57:51
압연기_2호기,전압,220.43,2024-07-29 18:56:53
압연기_32호기,압력,170.54,2024-07-29 18:23:47
압연기_25호기,유량,49.58,2024-07-29 18:17:14
압연기_25호기,압력,68.35,2024-07-29 18:56:33
압연기_30호기,유량,14.61,2024-07-29 18:12:47
압연기_5호기,압력,97.67,2024-07-29 18:23:18
압연기_34호기,압력,135.88,2024-07-29 19:59:10
압연기_45호기,진동,3.63,2024-07-29 19:44:57
압연기_42호기,진동,4.29,2024-07-29 19:19:49
압연기_25호기,진동,0.89,2024-07-29 20:07:10
압연기_23호기,위치,84.93,2024-07-29 20:27:32
압연기_8호기,유량,19.85,2024-07-29 20:51:31
압연기_13호기,압력,149.6,2024-07-29 20:49:45
압연기_9호기,위치,66.38,2024-07-29 21:49:48
압연기_6호기,위치,99.68,2024-07-29 21:02:42
압연기_15호기,위치,68.49,2024-07-29 22:29:34
압연기_50호기,전류,26.38,2024-07-29 22:29:14
압연기_11호기,위치,10.42,2024-07-29 22:54:23
압연기_18호기,전류,37.65,2024-07-29 22:18:34
압연기_15호기,속도,280.37,2024-07-29 23:22:59
압연기_22호기,전류,17.1,2024-07-29 23:49:56
압연기_15호기,압력,124.98,2024-07-29 23:46:10
압연기_38호기,온도,61.25,2024-07-30 00:58:39
압연기_34호기,유량,46.0,2024-07-30 00:03:19
압연기_34호기,속도,341.27,2024-07-30 01:16:41
압연기_25호기,온도,42.83,2024-07-30 01:36:07
압연기_32호기,전류,26.08,2024-07-30 01:51:02
압연기_21호기,온도,67.53,2024-07-30 02:02:33
압연기_25호기,전압,389.62,2024-07-30 02:20:15
압연기_10호기,전압,295.67,2024-07-30 03:00:24
압연기_19호기,위치,38.62,2024-07-30 03:10:28
압연기_45호기,속도,139.66,2024-07-30 04:50:10
압연기_5호기,전류,88.05,2024-07-30 04:21:18
압연기_18호기,위치,55.31,2024-07-30 04:51:40
압연기_37호기,압력,190.71,2024-07-30 04:03:42
압연기_34호기,위치,34.69,2024-07-30 05:45:04
압연기_5호기,유량,12.4,2024-07-30 05:42:24
압연기_40호기,진동,0.88,2024-07-30 06:04:17
압연기_34호기,위치,9.11,2024-07-30 06:44:39
압연기_47호기,전압,269.5,2024-07-30 06:12:33
압연기_41호기,유량,42.54,2024-07-30 06:03:42
압연기_30호기,온도,49.44,2024-07-30 06:20:35
압연기_42호기,유량,45.84,2024-07-30 06:57:57
압연기_30호기,압력,81.88,2024-07-30 06:53:21
압연기_37호기,압력,52.85,2024-07-30 06:26:00
압연기_4호기,진동,2.85,2024-07-30 07:09:07
압연기_5호기,온도,74.54,2024-07-30 07:54:12
압연기_37호기,전압,340.94,2024-07-30 07:52:41
압연기_7호기,전압,280.28,2024-07-30 07:53:07
압연기_44호기,위치,68.35,2024-07-30 07:25:04
압연기_10호기,위치,65.58,2024-07-30 07:52:31
압연기_46호기,전압,287.29,2024-07-30 07:40:16
압연기_41호기,속도,134.91,2024-07-30 07:10:04
압연기_50호기,온도,42.18,2024-07-30 07:38:59
압연기_18호기,전류,62.26,2024-07-30 08:16:54
압연기_31호기,전류,89.16,2024-07-30 08:22:55
압연기_11호기,압력,97.68,2024-07-30 08:52:15
압연기_8호기,속도,367.56,2024-07-30 08:00:34
압연기_3호기,전압,356.72,2024-07-30 08:30:01
압연기_38호기,위치,60.06,2024-07-30 08:14:41
압연기_8호기,유량,28.39,2024-07-30 08:24:32
압연기_36호기,온도,79.54,2024-07-30 08:53:00
압연기_40호기,진동,2.97,2024-07-30 09:45:15
압연기_31호기,전압,211.25,2024-07-30 09:43:20
압연기_1호기,전압,244.43,2024-07-30 09:21:30
압연기_40호기,유량,17.87,2024-07-30 09:18:20
압연기_14호기,전류,81.87,2024-07-30 09:46:20
압연기_1호기,전압,366.05,2024-07-30 09:45:03
압연기_11호기,속도,108.84,2024-07-30 09:35:57
압연기_5호기,진동,1.55,2024-07-30 09:44:50
압연기_4호기,압력,97.93,2024-07-30 09:32:12
압연기_30호기,전압,355.19,2024-07-30 09:56:24
압연기_13호기,유량,36.24,2024-07-30 09:35:53
압연기_13호기,온도,54.14,2024-07-30 09:42:04
압연기_9호기,전류,36.7,2024-07-30 10:36:54
압연기_31호기,압력,171.29,2024-07-30 10:18:29
압연기_49호기,유량,28.68,2024-07-30 10:20:38
압연기_47호기,위치,37.91,2024-07-30 10:12:27
압연기_40호기,온도,64.74,2024-07-30 10:30:08
압연기_14호기,속도,303.02,2024-07-30 10:52:59
압연기_27호기,진동,0.23,2024-07-30 10:47:32
압연기_43호기,압력,155.55,2024-07-30 10:24:41
압연기_46호기,온도,74.47,2024-07-30 10:25:09
압연기_11호기,압력,111.61,2024-07-30 11:00:35
압연기_28호기,온도,75.01,2024-07-30 11:54:14
압연기_35호기,유량,28.23,2024-07-30 11:40:44
압연기_31호기,진동,4.36,2024-07-30 11:56:24
압연기_48호기,유량,23.74,2024-07-30 11:44:05
압연기_4호기,온도,54.0,2024-07-30 11:59:30
압연기_11호기,유량,16.72,2024-07-30 11:28:09
압연기_46호기,전류,43.74,2024-07-30 11:13:27
압연기_2호기,유량,20.61,2024-07-30 11:17:31
압연기_3호기,진동,0.38,2024-07-30 12:31:02
압연기_48호기,전류,57.35,2024-07-30 12:06:50
압연기_17호기,압력,154.81,2024-07-30 12:06:54
압연기_49호기,유량,21.5,2024-07-30 12:14:14
압연기_5호기,속도,498.03,2024-07-30 12:26:03
압연기_12호기,속도,498.48,2024-07-30 12:56:01
압연기_48호기,온도,76.31,2024-07-30 12:32:24
압연기_1호기,압력,166.31,2024-07-30 12:18:47
압연기_23호기,온도,56.2,2024-07-30 12:03:31
압연기_18호기,전압,212.5,2024-07-30 12:09:40
압연기_44호기,전류,57.83,2024-07-30 12:03:22
압연기_32호기,온도,76.42,2024-07-30 12:18:21
압연기_2호기,전류,15.63,2024-07-30 13:43:51
압연기_41호기,전압,372.65,2024-07-30 13:49:32
압연기_35호기,전류,24.54,2024-07-30 13:08:51
압연기_19호기,진동,0.91,2024-07-30 13:30:41
압연기_16호기,위치,74.65,2024-07-30 13:25:32
압연기_25호기,압력,92.24,2024-07-30 13:53:55
압연기_49호기,위치,93.95,2024-07-30 13:16:47
압연기_16호기,속도,486.36,2024-07-30 13:36:51
압연기_43호기,전압,235.84,2024-07-30 13:35:01
압연기_25호기,압력,50.47,2024-07-30 13:15:10
압연기_24호기,전압,212.74,2024-07-30 13:04:54
압연기_33호기,속도,403.22,2024-07-30 14:00:40
압연기_19호기,전압,351.74,2024-07-30 14:22:48
압연기_1호기,유량,23.66,2024-07-30 14:34:38
압연기_43호기,온도,76.53,2024-07-30 14:50:13
압연기_27호기,위치,84.4,2024-07-30 14:50:38
압연기_9호기,압력,126.11,2024-07-30 14:36:09
압연기_46호기,온도,36.42,2024-07-30 14:38:42
압연기_34호기,전류,26.38,2024-07-30 14:24:32
압연기_5호기,압력,68.06,2024-07-30 14:33:41
압연기_37호기,속도,147.64,2024-07-30 14:55:38
압연기_44호기,진동,2.01,2024-07-30 15:11:33
압연기_33호기,위치,91.3,2024-07-30 15:34:32
압연기_21호기,온도,31.89,2024-07-30 15:39:45
압연기_25호기,전류,61.52,2024-07-30 15:08:10
압연기_44호기,압력,197.8,2024-07-30 15:32:03
압연기_20호기,압력,168.61,2024-07-30 15:20:08
압연기_6호기,압력,125.97,2024-07-30 15:41:36
압연기_15호기,속도,105.43,2024-07-30 15:22:54
압연기_5호기,온도,51.08,2024-07-30 15:18:16
압연기_17호기,유량,32.34,2024-07-30 16:34:06
압연기_39호기,전류,66.95,2024-07-30 16:09:29
압연기_16호기,속도,233.11,2024-07-30 16:27:55
압연기_13호기,위치,61.16,2024-07-30 16:49:28
압연기_26호기,온도,33.44,2024-07-30 16:26:46
압연기_37호기,유량,21.73,2024-07-30 16:09:43
압연기_15호기,온도,39.29,2024-07-30 16:17:22
압연기_30호기,압력,95.31,2024-07-30 16:20:17
압연기_18호기,압력,83.24,2024-07-30 16:59:06
압연기_6호기,압력,150.71,2024-07-30 16:38:10
압연기_50호기,온도,54.62,2024-07-30 16:25:12
압연기_21호기,전류,38.53,2024-07-30 16:54:09
압연기_38호기,전압,296.62,2024-07-30 17:04:03
압연기_7호기,위치,88.75,2024-07-30 17:13:09
압연기_15호기,진동,1.47,2024-07-30 17:54:21
압연기_42호기,압력,118.73,2024-07-30 17:49:09
압연기_40호기,진동,2.08,2024-07-30 17:03:53
압연기_45호기,유량,33.09,2024-07-30 17:35:53
압연기_21호기,위치,67.6,2024-07-30 17:25:59
압연기_18호기,속도,116.13,2024-07-30 17:37:03
압연기_7호기,압력,78.92,2024-07-30 18:36:25
압연기_40호기,압력,187.25,2024-07-30 18:41:11
압연기_28호기,위치,72.37,2024-07-30 18:25:21
압연기_7호기,위치,42.83,2024-07-30 18:52:25
압연기_46호기,유량,28.62,2024-07-30 18:37:38
압연기_42호기,압력,150.39,2024-07-30 18:48:15
압연기_3호기,위치,19.87,2024-07-30 18:04:00
압연기_6호기,위치,89.31,2024-07-30 18:11:27
압연기_35호기,위치,18.49,2024-07-30 18:00:15
압연기_28호기,압력,96.35,2024-07-30 19:51:17
압연기_41호기,위치,48.33,2024-07-30 19:08:41
압연기_44호기,진동,0.61,2024-07-30 19:31:34
압연기_34호기,유량,36.82,2024-07-30 20:07:36
압연기_7호기,전류,80.78,2024-07-30 20:13:25
압연기_44호기,위치,32.3,2024-07-30 21:25:02
압연기_40호기,전압,269.81,2024-07-30 21:44:05
압연기_30호기,위치,27.01,2024-07-30 21:37:51
압연기_20호기,위치,55.61,2024-07-30 21:04:17
압연기_48호기,압력,175.04,2024-07-30 22:15:47
압연기_3호기,유량,27.31,2024-07-30 22:38:07
압연기_18호기,속도,341.18,2024-07-30 22:48:09
압연기_26호기,전압,385.4,2024-07-30 22:39:05
압연기_14호기,유량,49.44,2024-07-30 23:46:00
압연기_19호기,전류,51.63,2024-07-30 23:39:29
압연기_43호기,진동,4.24,2024-07-30 23:52:05
압연기_36호기,속도,218.75,2024-07-30 23:04:46
압연기_44호기,전압,350.44,2024-07-31 00:12:09
압연기_4호기,압력,161.88,2024-07-31 00:27:20
압연기_32호기,위치,2.06,2024-07-31 00:35:14
압연기_11호기,압력,87.69,2024-07-31 01:51:52
압연기_49호기,속도,303.65,2024-07-31 01:29:26
압연기_8호기,전압,258.99,2024-07-31 02:37:05
압연기_41호기,속도,154.34,2024-07-31 02:08:02
압연기_43호기,속도,181.2,2024-07-31 02:52:43
압연기_30호기,속도,401.25,2024-07-31 02:34:12
압연기_21호기,압력,144.91,2024-07-31 03:04:11
압연기_46호기,위치,99.89,2024-07-31 03:27:41
압연기_36호기,온도,48.89,2024-07-31 03:27:36
압연기_45호기,압력,193.87,2024-07-31 04:22:48
압연기_19호기,위치,59.38,2024-07-31 04:45:17
압연기_46호기,유량,26.79,2024-07-31 04:41:07
압연기_29호기,전류,43.07,2024-07-31 04:57:59
압연기_39호기,진동,3.49,2024-07-31 05:08:12
압연기_35호기,진동,1.72,2024-07-31 05:30:42
압연기_30호기,온도,58.42,2024-07-31 06:33:46
압연기_18호기,전류,30.15,2024-07-31 06:31:22
압연기_10호기,속도,277.52,2024-07-31 06:46:27
압연기_26호기,진동,4.15,2024-07-31 06:38:01
압연기_43호기,속도,432.47,2024-07-31 06:03:36
압연기_47호기,전압,318.27,2024-07-31 06:16:23
압연기_21호기,전류,17.82,2024-07-31 06:02:23
압연기_34호기,진동,2.55,2024-07-31 06:07:28
압연기_10호기,위치,9.73,2024-07-31 06:22:24
압연기_9호기,위치,60.77,2024-07-31 07:00:48
압연기_33호기,전압,385.64,2024-07-31 07:36:15
압연기_4호기,압력,156.45,2024-07-31 07:39:34
압연기_43호기,압력,113.59,2024-07-31 07:53:04
압연기_37호기,압력,56.31,2024-07-31 07:59:06
압연기_15호기,속도,324.43,2024-07-31 07:50:15
압연기_5호기,유량,47.78,2024-07-31 07:59:22
압연기_37호기,전압,324.82,2024-07-31 07:43:01
압연기_8호기,온도,29.74,2024-07-31 07:50:39
압연기_30호기,압력,59.3,2024-07-31 08:59:35
압연기_18호기,압력,53.79,2024-07-31 08:38:29
압연기_20호기,전류,52.48,2024-07-31 08:48:15
압연기_23호기,진동,3.26,2024-07-31 08:28:32
압연기_42호기,속도,157.87,2024-07-31 08:33:04
압연기_38호기,온도,44.2,2024-07-31 08:56:15
압연기_50호기,전류,66.41,2024-07-31 08:54:26
압연기_26호기,전류,86.23,2024-07-31 08:02:47
압연기_28호기,전류,92.78,2024-07-31 08:38:27
압연기_13호기,위치,34.01,2024-07-31 08:13:22
압연기_16호기,진동,0.5,2024-07-31 08:19:55
압연기_40호기,전류,43.42,2024-07-31 09:28:27
압연기_25호기,진동,4.37,2024-07-31 09:43:29
압연기_19호기,유량,35.12,2024-07-31 09:33:04
압연기_45호기,전압,290.4,2024-07-31 09:05:43
압연기_50호기,전류,58.61,2024-07-31 09:08:00
압연기_12호기,위치,21.29,2024-07-31 09:24:58
압연기_14호기,압력,98.87,2024-07-31 09:42:51
압연기_44호기,전압,316.75,2024-07-31 09:28:32
압연기_3호기,진동,2.98,2024-07-31 10:04:09
압연기_37호기,압력,95.92,2024-07-31 10:07:01
압연기_37호기,압력,51.23,2024-07-31 10:16:15
압연기_45호기,압력,158.43,2024-07-31 10:52:44
압연기_23호기,진동,2.35,2024-07-31 10:37:28
압연기_40호기,진동,4.67,2024-07-31 10:01:32
압연기_23호기,온도,72.66,2024-07-31 10:34:17
압연기_29호기,온도,37.49,2024-07-31 10:04:23
압연기_4호기,위치,42.03,2024-07-31 11:16:09
압연기_14호기,전류,22.66,2024-07-31 11:40:28
압연기_12호기,전압,233.05,2024-07-31 11:47:19
압연기_35호기,온도,77.45,2024-07-31 11:00:38
압연기_49호기,유량,28.85,2024-07-31 11:23:24
압연기_50호기,속도,329.42,2024-07-31 11:24:05
압연기_45호기,진동,4.56,2024-07-31 11:25:52
압연기_11호기,위치,27.56,2024-07-31 11:48:20
압연기_26호기,전압,258.39,2024-07-31 12:27:04
압연기_23호기,위치,52.11,2024-07-31 12:11:24
압연기_44호기,온도,64.88,2024-07-31 12:19:12
압연기_50호기,온도,59.75,2024-07-31 12:40:56
압연기_39호기,전압,260.06,2024-07-31 12:10:38
압연기_3호기,전압,283.18,2024-07-31 12:46:09
압연기_6호기,전류,42.17,2024-07-31 12:16:42
압연기_34호기,속도,444.96,2024-07-31 12:40:08
압연기_10호기,전류,53.65,2024-07-31 12:52:39
압연기_47호기,전압,317.49,2024-07-31 12:35:07
압연기_19호기,전압,360.7,2024-07-31 13:34:49
압연기_50호기,위치,54.84,2024-07-31 13:20:31
압연기_48호기,압력,192.24,2024-07-31 13:44:22
압연기_35호기,온도,43.94,2024-07-31 13:35:41
압연기_12호기,전류,33.68,2024-07-31 13:14:55
압연기_12호기,유량,48.62,2024-07-31 13:15:59
압연기_39호기,유량,30.07,2024-07-31 13:25:53
압연기_18호기,전압,268.33,2024-07-31 13:19:50
압연기_42호기,전압,293.03,2024-07-31 14:37:51
압연기_16호기,위치,15.25,2024-07-31 14:29:55
압연기_15호기,진동,3.61,2024-07-31 14:10:33
압연기_7호기,전류,74.62,2024-07-31 14:32:11
압연기_38호기,압력,110.34,2024-07-31 14:43:39
압연기_24호기,전압,224.8,2024-07-31 14:44:52
압연기_43호기,전류,78.09,2024-07-31 14:46:06
압연기_28호기,위치,98.09,2024-07-31 14:48:55
압연기_12호기,속도,321.84,2024-07-31 14:57:18
압연기_27호기,온도,36.3,2024-07-31 14:06:41
압연기_36호기,유량,44.96,2024-07-31 14:58:16
압연기_50호기,진동,1.58,2024-07-31 14:29:50
압연기_11호기,진동,0.58,2024-07-31 15:44:32
압연기_20호기,속도,340.81,2024-07-31 15:38:50
압연기_25호기,유량,12.3,2024-07-31 15:54:59
압연기_20호기,위치,10.09,2024-07-31 15:41:26
압연기_41호기,전압,209.31,2024-07-31 15:45:03
압연기_40호기,온도,47.5,2024-07-31 15:33:55
압연기_26호기,속도,197.76,2024-07-31 15:38:43
압연기_13호기,전압,284.06,2024-07-31 15:13:57
압연기_16호기,진동,4.03,2024-07-31 15:32:21
압연기_9호기,압력,130.0,2024-07-31 15:56:14
압연기_1호기,온도,61.53,2024-07-31 15:39:25
압연기_38호기,속도,443.24,2024-07-31 16:21:49
압연기_45호기,압력,125.15,2024-07-31 16:20:14
압연기_12호기,속도,275.12,2024-07-31 16:00:14
압연기_23호기,속도,225.53,2024-07-31 16:44:22
압연기_50호기,속도,218.88,2024-07-31 16:23:11
압연기_2호기,온도,28.23,2024-07-31 16:24:29
압연기_46호기,속도,366.5,2024-07-31 16:08:30
압연기_48호기,위치,79.43,2024-07-31 16:11:50
압연기_30호기,온도,24.68,2024-07-31 16:10:23
압연기_40호기,속도,212.02,2024-07-31 16:13:23
압연기_4호기,압력,178.22,2024-07-31 17:20:31
압연기_39호기,압력,50.42,2024-07-31 17:31:12
압연기_31호기,위치,8.7,2024-07-31 17:58:51
압연기_38호기,위치,63.76,2024-07-31 17:56:10
압연기_20호기,진동,4.21,2024-07-31 17:56:55
압연기_43호기,온도,48.91,2024-07-31 17:52:57
압연기_4호기,유량,14.37,2024-07-31 17:06:46
압연기_48호기,진동,2.98,2024-07-31 17:56:53
압연기_8호기,위치,5.17,2024-07-31 17:10:44
압연기_11호기,전류,83.23,2024-07-31 17:03:35
압연기_19호기,속도,253.45,2024-07-31 17:05:27
압연기_16호기,진동,0.51,2024-07-31 17:05:59
압연기_13호기,온도,72.18,2024-07-31 18:24:12
압연기_12호기,진동,3.88,2024-07-31 18:21:45
압연기_41호기,전압,214.2,2024-07-31 18:08:17
압연기_42호기,유량,46.54,2024-07-31 18:03:17
압연기_32호기,전류,47.36,2024-07-31 18:40:57
압연기_38호기,진동,2.6,2024-07-31 18:49:53
압연기_2호기,전압,304.77,2024-07-31 18:45:36
압연기_25호기,압력,104.2,2024-07-31 18:10:30
압연기_2호기,유량,37.37,2024-07-31 18:09:01
압연기_30호기,진동,1.37,2024-07-31 19:05:26
압연기_42호기,압력,111.38,2024-07-31 19:53:35
압연기_32호기,속도,130.0,2024-07-31 19:17:57
압연기_16호기,전압,207.44,2024-07-31 20:08:06
압연기_48호기,진동,1.98,2024-07-31 20:56:46
압연기_41호기,온도,38.99,2024-07-31 21:46:09
압연기_2호기,위치,36.63,2024-07-31 21:34:24
압연기_25호기,전압,377.1,2024-07-31 21:57:04
압연기_16호기,전류,72.05,2024-07-31 22:29:09
압연기_47호기,속도,150.92,2024-07-31 22:56:53
압연기_11호기,전압,250.79,2024-07-31 22:34:55
압연기_42호기,전류,12.93,2024-07-31 23:26:46
압연기_24호기,위치,35.5,2024-07-31 23:10:19
압연기_41호기,전압,272.64,2024-07-31 23:16:17
압연기_7호기,압력,174.35,2024-08-01 00:46:26
압연기_34호기,압력,174.7,2024-08-01 00:30:39
압연기_11호기,압력,66.06,2024-08-01 00:04:45
압연기_14호기,속도,372.76,2024-08-01 01:57:41
압연기_27호기,속도,107.24,2024-08-01 01:01:27
압연기_2호기,전류,32.82,2024-08-01 02:28:05
압연기_34호기,전류,28.1,2024-08-01 02:59:16
압연기_33호기,속도,366.24,2024-08-01 02:03:13
압연기_25호기,진동,2.04,2024-08-01 02:48:15
압연기_43호기,속도,146.17,2024-08-01 03:51:13
압연기_4호기,압력,120.61,2024-08-01 03:16:42
압연기_29호기,압력,190.54,2024-08-01 03:05:44
압연기_13호기,유량,11.43,2024-08-01 03:56:12
압연기_7호기,전류,60.06,2024-08-01 04:48:35
압연기_36호기,진동,2.96,2024-08-01 04:45:19
압연기_43호기,온도,36.95,2024-08-01 04:13:33
압연기_15호기,압력,100.3,2024-08-01 04:02:02
압연기_10호기,전압,219.93,2024-08-01 05:04:59
압연기_38호기,온도,52.73,2024-08-01 05:15:02
압연기_47호기,진동,2.19,2024-08-01 06:37:56
압연기_2호기,전류,55.81,2024-08-01 06:32:24
압연기_7호기,유량,34.62,2024-08-01 06:37:39
압연기_39호기,온도,71.2,2024-08-01 06:20:29
압연기_31호기,온도,28.14,2024-08-01 06:54:01
압연기_35호기,압력,103.89,2024-08-01 06:25:52
압연기_43호기,유량,39.8,2024-08-01 06:54:15
압연기_22호기,전압,266.65,2024-08-01 06:56:04
압연기_42호기,압력,95.04,2024-08-01 06:07:56
압연기_27호기,전류,23.06,2024-08-01 06:43:32
압연기_50호기,유량,38.67,2024-08-01 06:54:00
압연기_14호기,유량,20.56,2024-08-01 07:29:53
압연기_12호기,위치,7.7,2024-08-01 07:18:25
압연기_21호기,위치,19.29,2024-08-01 07:00:48
압연기_26호기,위치,81.6,2024-08-01 07:27:49
압연기_3호기,압력,76.86,2024-08-01 07:13:00
압연기_45호기,위치,86.23,2024-08-01 07:28:35
압연기_4호기,전압,375.25,2024-08-01 07:45:36
압연기_31호기,압력,147.21,2024-08-01 07:05:48
압연기_31호기,전압,263.26,2024-08-01 07:53:00
압연기_35호기,진동,1.72,2024-08-01 07:31:37
압연기_14호기,온도,37.96,2024-08-01 07:43:09
압연기_1호기,진동,2.79,2024-08-01 07:58:12
압연기_25호기,속도,311.84,2024-08-01 08:42:32
압연기_42호기,압력,128.44,2024-08-01 08:21:33
압연기_20호기,전압,229.33,2024-08-01 08:23:40
압연기_47호기,전압,367.67,2024-08-01 08:05:25
압연기_24호기,진동,4.52,2024-08-01 08:13:39
압연기_16호기,위치,21.07,2024-08-01 08:43:44
압연기_32호기,위치,95.53,2024-08-01 08:13:37
압연기_12호기,진동,0.46,2024-08-01 08:06:14
압연기_29호기,전류,58.99,2024-08-01 08:36:48
압연기_34호기,진동,4.55,2024-08-01 08:56:36
압연기_21호기,압력,126.55,2024-08-01 08:07:05
압연기_9호기,전압,292.05,2024-08-01 09:50:35
압연기_45호기,위치,22.16,2024-08-01 09:21:21
압연기_28호기,유량,24.48,2024-08-01 09:34:03
압연기_2호기,위치,0.31,2024-08-01 09:27:11
압연기_11호기,진동,3.99,2024-08-01 09:15:35
압연기_7호기,위치,39.79,2024-08-01 09:32:17
압연기_23호기,온도,70.96,2024-08-01 09:53:40
압연기_16호기,압력,112.0,2024-08-01 09:49:00
압연기_46호기,속도,100.06,2024-08-01 10:21:26
압연기_12호기,온도,53.4,2024-08-01 10:45:25
압연기_37호기,속도,211.69,2024-08-01 10:08:16
압연기_44호기,유량,11.08,2024-08-01 10:27:43
압연기_8호기,압력,175.03,2024-08-01 10:30:47
압연기_22호기,온도,74.23,2024-08-01 10:12:54
압연기_5호기,진동,3.69,2024-08-01 10:12:01
압연기_48호기,위치,26.32,2024-08-01 10:23:37
압연기_5호기,전류,16.07,2024-08-01 10:45:13
압연기_29호기,속도,101.71,2024-08-01 10:46:10
압연기_40호기,속도,496.92,2024-08-01 11:41:59
압연기_27호기,압력,54.89,2024-08-01 11:55:31
압연기_45호기,유량,41.92,2024-08-01 11:40:19
압연기_27호기,속도,129.47,2024-08-01 11:53:14
압연기_29호기,전압,367.0,2024-08-01 11:35:58
압연기_27호기,온도,68.01,2024-08-01 11:46:24
압연기_7호기,위치,25.31,2024-08-01 11:28:53
압연기_36호기,위치,35.88,2024-08-01 11:11:06
압연기_44호기,위치,21.23,2024-08-01 11:17:02
압연기_26호기,압력,169.85,2024-08-01 11:36:35
압연기_7호기,전류,46.05,2024-08-01 11:46:03
압연기_50호기,속도,275.53,2024-08-01 11:32:26
압연기_30호기,전압,228.21,2024-08-01 12:05:30
압연기_24호기,압력,93.19,2024-08-01 12:11:49
압연기_2호기,온도,39.37,2024-08-01 12:37:12
압연기_27호기,온도,59.65,2024-08-01 12:01:53
압연기_32호기,진동,0.48,2024-08-01 12:29:24
압연기_5호기,진동,4.91,2024-08-01 12:41:19
압연기_31호기,전류,82.42,2024-08-01 12:49:05
압연기_32호기,전류,48.89,2024-08-01 12:54:00
압연기_45호기,위치,56.2,2024-08-01 12:55:33
압연기_28호기,전압,328.02,2024-08-01 13:00:11
압연기_38호기,유량,43.26,2024-08-01 13:21:10
압연기_43호기,진동,2.57,2024-08-01 13:36:14
압연기_13호기,온도,29.81,2024-08-01 13:17:50
압연기_10호기,전압,259.25,2024-08-01 13:53:32
압연기_18호기,진동,1.13,2024-08-01 13:59:07
압연기_13호기,위치,89.59,2024-08-01 13:50:38
압연기_28호기,위치,50.54,2024-08-01 13:07:52
압연기_35호기,진동,0.76,2024-08-01 13:54:28
압연기_49호기,전류,62.59,2024-08-01 13:03:06
압연기_50호기,온도,49.47,2024-08-01 13:05:40
압연기_7호기,위치,85.74,2024-08-01 14:31:57
압연기_5호기,전압,369.58,2024-08-01 14:58:29
압연기_28호기,압력,86.58,2024-08-01 14:53:07
압연기_45호기,유량,10.17,2024-08-01 14:31:41
압연기_37호기,압력,97.27,2024-08-01 14:54:39
압연기_43호기,온도,68.96,2024-08-01 14:01:22
압연기_1호기,전류,16.64,2024-08-01 14:51:09
압연기_23호기,압력,117.36,2024-08-01 14:49:06
압연기_47호기,전압,339.58,2024-08-01 15:44:17
압연기_10호기,위치,8.31,2024-08-01 15:02:48
압연기_9호기,유량,42.23,2024-08-01 15:01:42
압연기_50호기,위치,4.92,2024-08-01 15:24:36
압연기_43호기,유량,30.21,2024-08-01 15:47:01
압연기_20호기,온도,57.48,2024-08-01 15:57:42
압연기_14호기,온도,79.08,2024-08-01 15:48:52
압연기_46호기,유량,49.67,2024-08-01 15:12:04
압연기_49호기,위치,78.37,2024-08-01 15:42:06
압연기_27호기,전압,360.48,2024-08-01 15:23:12
압연기_41호기,압력,79.34,2024-08-01 16:51:39
압연기_43호기,전류,56.0,2024-08-01 16:39:01
압연기_38호기,압력,165.17,2024-08-01 16:40:27
압연기_24호기,유량,13.67,2024-08-01 16:20:46
압연기_7호기,속도,259.28,2024-08-01 16:19:09
압연기_11호기,유량,30.3,2024-08-01 16:28:21
압연기_11호기,압력,185.55,2024-08-01 16:32:15
압연기_31호기,진동,1.25,2024-08-01 16:12:21
압연기_16호기,유량,17.31,2024-08-01 17:35:50
압연기_24호기,전류,61.69,2024-08-01 17:07:28
압연기_32호기,전압,357.68,2024-08-01 17:27:56
압연기_30호기,온도,53.67,2024-08-01 17:17:36
압연기_20호기,압력,89.02,2024-08-01 17:50:47
압연기_33호기,전압,345.11,2024-08-01 17:56:56
압연기_3호기,압력,124.35,2024-08-01 17:09:54
압연기_47호기,압력,115.41,2024-08-01 17:21:04
압연기_22호기,압력,195.91,2024-08-01 17:12:17
압연기_37호기,전류,82.8,2024-08-01 17:22:42
압연기_15호기,온도,47.48,2024-08-01 17:47:45
압연기_39호기,전압,375.92,2024-08-01 18:19:24
압연기_10호기,온도,23.42,2024-08-01 18:05:11
압연기_46호기,유량,11.43,2024-08-01 18:00:42
압연기_48호기,압력,141.46,2024-08-01 18:00:01
압연기_46호기,속도,245.71,2024-08-01 18:07:51
압연기_38호기,속도,337.25,2024-08-01 18:33:20
압연기_16호기,전압,229.77,2024-08-01 18:31:16
압연기_39호기,온도,42.3,2024-08-01 18:39:56
압연기_27호기,유량,30.79,2024-08-01 18:37:06
압연기_19호기,속도,197.14,2024-08-01 19:13:14
압연기_44호기,유량,42.44,2024-08-01 19:29:03
압연기_37호기,위치,20.14,2024-08-01 19:58:33
압연기_7호기,유량,30.12,2024-08-01 20:35:18
압연기_43호기,위치,9.95,2024-08-01 20:39:19
압연기_3호기,전류,39.34,2024-08-01 21:58:37
압연기_19호기,전류,75.84,2024-08-01 21:43:14
압연기_17호기,위치,34.84,2024-08-01 21:09:10
압연기_45호기,압력,72.66,2024-08-01 21:04:29
압연기_33호기,위치,71.94,2024-08-01 22:42:25
압연기_42호기,위치,83.0,2024-08-01 22:51:55
압연기_7호기,전류,24.14,2024-08-01 22:33:23
압연기_46호기,압력,117.16,2024-08-01 23:59:31
압연기_42호기,온도,63.23,2024-08-01 23:24:30
압연기_8호기,온도,47.53,2024-08-01 23:18:43
압연기_7호기,전류,53.71,2024-08-02 00:50:44
압연기_35호기,압력,85.69,2024-08-02 00:43:59
압연기_31호기,전류,97.61,2024-08-02 00:45:32
압연기_23호기,온도,70.55,2024-08-02 00:20:53
압연기_4호기,위치,1.48,2024-08-02 01:11:55
압연기_28호기,속도,265.8,2024-08-02 01:15:19
압연기_7호기,전압,288.75,2024-08-02 01:18:48
압연기_13호기,유량,32.12,2024-08-02 02:26:16
압연기_10호기,위치,27.13,2024-08-02 02:06:09
압연기_49호기,진동,1.84,2024-08-02 02:58:41
압연기_26호기,압력,186.04,2024-08-02 02:21:59
압연기_9호기,전류,28.21,2024-08-02 03:37:06
압연기_50호기,온도,39.15,2024-08-02 03:43:02
압연기_45호기,전압,256.02,2024-08-02 03:52:30
압연기_22호기,속도,464.76,2024-08-02 03:27:12
압연기_44호기,속도,428.81,2024-08-02 04:18:47
압연기_28호기,전류,12.94,2024-08-02 04:25:10
압연기_44호기,속도,204.58,2024-08-02 04:05:39
압연기_11호기,위치,31.03,2024-08-02 04:20:59
압연기_27호기,온도,72.14,2024-08-02 05:40:31
압연기_31호기,위치,79.17,2024-08-02 05:06:01
압연기_27호기,위치,59.57,2024-08-02 05:02:41
압연기_28호기,속도,112.24,2024-08-02 05:41:48
압연기_5호기,전류,60.41,2024-08-02 06:50:04
압연기_33호기,위치,80.01,2024-08-02 06:24:58
압연기_26호기,유량,32.19,2024-08-02 06:02:23
압연기_1호기,진동,4.15,2024-08-02 06:57:22
압연기_9호기,압력,124.48,2024-08-02 06:25:50
압연기_40호기,온도,77.81,2024-08-02 06:20:23
압연기_2호기,속도,305.49,2024-08-02 06:08:50
압연기_15호기,유량,21.78,2024-08-02 06:55:42
압연기_5호기,속도,189.53,2024-08-02 06:37:53
압연기_44호기,온도,58.82,2024-08-02 06:38:53
압연기_5호기,압력,111.04,2024-08-02 07:22:10
압연기_20호기,전압,340.58,2024-08-02 07:13:41
압연기_19호기,진동,3.31,2024-08-02 07:24:21
압연기_43호기,전압,227.12,2024-08-02 07:58:27
압연기_23호기,온도,42.15,2024-08-02 07:37:07
압연기_41호기,유량,11.4,2024-08-02 07:51:39
압연기_10호기,진동,3.86,2024-08-02 07:18:21
압연기_4호기,온도,70.29,2024-08-02 07:28:13
압연기_41호기,유량,17.28,2024-08-02 07:17:23
압연기_46호기,위치,20.6,2024-08-02 07:25:57
압연기_12호기,전류,37.54,2024-08-02 07:51:31
압연기_14호기,진동,4.64,2024-08-02 08:01:01
압연기_36호기,유량,45.06,2024-08-02 08:59:30
압연기_47호기,전류,93.12,2024-08-02 08:28:30
압연기_20호기,유량,10.15,2024-08-02 08:30:51
압연기_27호기,전압,335.03,2024-08-02 08:46:38
압연기_3호기,전압,347.37,2024-08-02 08:58:46
압연기_49호기,전압,330.54,2024-08-02 08:07:46
압연기_18호기,속도,255.14,2024-08-02 08:32:34
압연기_20호기,압력,139.11,2024-08-02 09:10:50
압연기_27호기,전압,329.79,2024-08-02 09:47:33
압연기_28호기,위치,30.63,2024-08-02 09:40:59
압연기_28호기,위치,60.82,2024-08-02 09:09:35
압연기_29호기,유량,21.56,2024-08-02 09:28:28
압연기_24호기,전압,264.44,2024-08-02 09:39:45
압연기_6호기,유량,42.93,2024-08-02 09:49:30
압연기_35호기,전류,65.07,2024-08-02 09:46:48
압연기_47호기,전압,311.17,2024-08-02 09:54:50
압연기_41호기,위치,85.66,2024-08-02 10:39:09
압연기_37호기,진동,0.46,2024-08-02 10:32:34
압연기_22호기,위치,24.85,2024-08-02 10:02:43
압연기_33호기,전류,81.78,2024-08-02 10:20:44
압연기_18호기,위치,39.01,2024-08-02 10:16:05
압연기_24호기,전류,80.87,2024-08-02 10:46:09
압연기_43호기,압력,185.7,2024-08-02 10:16:24
압연기_1호기,위치,57.41,2024-08-02 10:13:06
압연기_14호기,전류,68.22,2024-08-02 10:37:33
압연기_18호기,압력,169.42,2024-08-02 10:20:13
압연기_42호기,온도,24.01,2024-08-02 10:24:04
압연기_1호기,유량,40.34,2024-08-02 10:40:56
압연기_35호기,유량,38.76,2024-08-02 11:45:29
압연기_39호기,진동,1.04,2024-08-02 11:21:37
압연기_13호기,온도,68.32,2024-08-02 11:32:19
압연기_9호기,유량,31.21,2024-08-02 11:46:14
압연기_12호기,진동,4.01,2024-08-02 11:24:51
압연기_1호기,속도,406.72,2024-08-02 11:27:09
압연기_42호기,진동,2.68,2024-08-02 11:05:02
압연기_1호기,온도,25.07,2024-08-02 11:55:53
압연기_37호기,진동,2.74,2024-08-02 11:53:50
압연기_44호기,진동,3.19,2024-08-02 11:12:33
압연기_25호기,진동,2.12,2024-08-02 11:14:59
압연기_38호기,온도,33.75,2024-08-02 12:51:41
압연기_22호기,위치,54.38,2024-08-02 12:40:45
압연기_45호기,온도,78.53,2024-08-02 12:26:52
압연기_26호기,위치,79.49,2024-08-02 12:22:31
압연기_11호기,전압,242.76,2024-08-02 12:43:22
압연기_22호기,전류,86.06,2024-08-02 12:42:00
압연기_29호기,속도,327.03,2024-08-02 12:51:58
압연기_34호기,전압,209.88,2024-08-02 12:42:14
압연기_25호기,온도,74.6,2024-08-02 12:19:41
압연기_33호기,속도,145.67,2024-08-02 12:11:00
압연기_25호기,온도,53.44,2024-08-02 13:17:16
압연기_43호기,속도,392.16,2024-08-02 13:06:45
압연기_39호기,전압,261.43,2024-08-02 13:13:57
압연기_45호기,전류,68.54,2024-08-02 13:53:05
압연기_6호기,온도,55.61,2024-08-02 13:33:40
압연기_15호기,진동,3.37,2024-08-02 13:51:45
압연기_39호기,온도,79.65,2024-08-02 13:17:32
압연기_31호기,속도,234.34,2024-08-02 13:18:42
압연기_19호기,진동,0.59,2024-08-02 13:39:51
압연기_33호기,유량,25.02,2024-08-02 13:04:37
압연기_24호기,속도,433.81,2024-08-02 13:08:16
압연기_36호기,전류,25.39,2024-08-02 13:10:26
압연기_38호기,속도,325.22,2024-08-02 14:52:55
압연기_3호기,압력,116.86,2024-08-02 14:12:17
압연기_34호기,위치,83.04,2024-08-02 14:20:07
압연기_21호기,전류,60.71,2024-08-02 14:01:42
압연기_45호기,속도,448.04,2024-08-02 14:12:09
압연기_24호기,위치,57.6,2024-08-02 14:43:57
압연기_9호기,압력,184.98,2024-08-02 14:11:03
압연기_27호기,위치,36.58,2024-08-02 14:42:31
압연기_37호기,압력,122.98,2024-08-02 14:59:29
압연기_10호기,온도,70.22,2024-08-02 15:51:23
압연기_42호기,속도,384.66,2024-08-02 15:33:36
압연기_5호기,유량,14.34,2024-08-02 15:55:42
압연기_45호기,압력,95.07,2024-08-02 15:38:07
압연기_15호기,압력,144.01,2024-08-02 15:01:15
압연기_41호기,속도,125.93,2024-08-02 15:30:43
압연기_13호기,압력,153.91,2024-08-02 15:14:16
압연기_43호기,진동,0.28,2024-08-02 15:14:35
압연기_4호기,전류,73.31,2024-08-02 15:00:39
압연기_32호기,전류,45.83,2024-08-02 15:21:42
압연기_26호기,진동,2.92,2024-08-02 15:53:45
압연기_15호기,온도,29.23,2024-08-02 16:18:39
압연기_8호기,진동,1.14,2024-08-02 16:45:27
압연기_17호기,온도,25.85,2024-08-02 16:21:12
압연기_25호기,위치,41.38,2024-08-02 16:47:43
압연기_4호기,온도,58.52,2024-08-02 16:08:20
압연기_36호기,속도,276.64,2024-08-02 16:26:20
압연기_42호기,속도,405.79,2024-08-02 16:04:30
압연기_23호기,압력,133.2,2024-08-02 16:43:34
압연기_30호기,위치,6.21,2024-08-02 16:02:14
압연기_2호기,압력,75.3,2024-08-02 17:24:06
압연기_24호기,전류,92.98,2024-08-02 17:04:28
압연기_21호기,압력,59.57,2024-08-02 17:15:50
압연기_6호기,전류,29.68,2024-08-02 17:36:59
압연기_3호기,유량,14.68,2024-08-02 17:24:40
압연기_34호기,전압,217.64,2024-08-02 17:23:47
압연기_38호기,전압,364.2,2024-08-02 17:18:08
압연기_25호기,전류,53.4,2024-08-02 17:52:24
압연기_10호기,위치,98.91,2024-08-02 17:31:05
압연기_11호기,진동,1.9,2024-08-02 18:52:45
압연기_42호기,유량,42.64,2024-08-02 18:23:19
압연기_29호기,속도,393.38,2024-08-02 18:13:55
압연기_11호기,위치,71.87,2024-08-02 18:47:57
압연기_43호기,압력,138.82,2024-08-02 18:46:52
압연기_34호기,전압,319.33,2024-08-02 18:39:37
압연기_23호기,속도,449.38,2024-08-02 18:03:55
압연기_35호기,전류,34.87,2024-08-02 18:37:03
압연기_12호기,속도,205.76,2024-08-02 18:55:30
압연기_39호기,진동,2.74,2024-08-02 19:32:55
압연기_4호기,유량,33.18,2024-08-02 19:21:35
압연기_43호기,전압,345.72,2024-08-02 20:13:21
압연기_41호기,압력,79.1,2024-08-02 20:54:13
압연기_41호기,유량,28.92,2024-08-02 20:58:26
압연기_41호기,위치,81.34,2024-08-02 20:58:16
압연기_44호기,온도,59.94,2024-08-02 21:30:33
압연기_29호기,진동,1.63,2024-08-02 21:34:45
압연기_21호기,진동,1.67,2024-08-02 21:51:54
압연기_4호기,전류,37.56,2024-08-02 22:36:38
압연기_12호기,위치,2.3,2024-08-02 22:58:50
압연기_43호기,온도,45.87,2024-08-02 22:13:21
압연기_35호기,유량,46.7,2024-08-02 23:02:12
압연기_17호기,속도,151.8,2024-08-02 23:55:19
압연기_14호기,위치,83.58,2024-08-02 23:51:18
압연기_30호기,온도,48.23,2024-08-03 00:14:37
압연기_8호기,유량,12.44,2024-08-03 00:28:55
압연기_43호기,온도,69.65,2024-08-03 01:14:27
압연기_41호기,위치,79.22,2024-08-03 01:09:14
압연기_18호기,온도,62.05,2024-08-03 01:41:22
압연기_39호기,전류,15.5,2024-08-03 02:40:23
압연기_4호기,전류,53.75,2024-08-03 02:29:07
압연기_35호기,전류,95.13,2024-08-03 03:58:04
압연기_36호기,온도,72.32,2024-08-03 03:56:51
압연기_20호기,전압,235.31,2024-08-03 03:42:11
압연기_37호기,위치,7.41,2024-08-03 03:54:22
압연기_35호기,속도,417.58,2024-08-03 04:27:02
압연기_42호기,속도,313.49,2024-08-03 04:09:39
압연기_47호기,진동,4.64,2024-08-03 05:12:28
압연기_38호기,온도,64.27,2024-08-03 05:44:09
압연기_41호기,속도,222.45,2024-08-03 06:19:13
압연기_49호기,유량,41.75,2024-08-03 06:17:33
압연기_35호기,압력,116.04,2024-08-03 06:42:45
압연기_41호기,속도,484.52,2024-08-03 06:05:48
압연기_8호기,온도,58.06,2024-08-03 06:28:00
압연기_47호기,위치,94.64,2024-08-03 06:23:10
압연기_48호기,전압,387.08,2024-08-03 06:25:41
압연기_26호기,전압,339.06,2024-08-03 06:12:31
압연기_10호기,전류,70.62,2024-08-03 06:06:01
압연기_49호기,속도,275.56,2024-08-03 06:52:38
압연기_33호기,온도,78.65,2024-08-03 07:31:58
압연기_13호기,진동,2.6,2024-08-03 07:05:30
압연기_44호기,압력,160.06,2024-08-03 07:35:27
압연기_16호기,진동,1.74,2024-08-03 07:50:54
압연기_45호기,위치,24.08,2024-08-03 07:24:13
압연기_2호기,온도,23.2,2024-08-03 07:27:08
압연기_46호기,위치,28.22,2024-08-03 07:16:26
압연기_40호기,진동,0.13,2024-08-03 07:03:43
압연기_40호기,진동,4.6,2024-08-03 07:57:37
압연기_32호기,유량,44.0,2024-08-03 08:29:17
압연기_35호기,전압,206.76,2024-08-03 08:36:59
압연기_22호기,압력,144.37,2024-08-03 08:41:43
압연기_38호기,전압,267.07,2024-08-03 08:37:43
압연기_28호기,진동,3.89,2024-08-03 08:01:11
압연기_7호기,전압,342.45,2024-08-03 08:14:26
압연기_26호기,진동,1.95,2024-08-03 08:55:47
압연기_39호기,속도,319.55,2024-08-03 08:50:31
압연기_7호기,전류,59.52,2024-08-03 09:35:20
압연기_18호기,온도,70.39,2024-08-03 09:28:01
압연기_37호기,전류,83.1,2024-08-03 09:25:44
압연기_15호기,속도,424.86,2024-08-03 09:45:47
압연기_42호기,속도,214.93,2024-08-03 09:39:16
압연기_50호기,속도,192.62,2024-08-03 09:51:21
압연기_18호기,전압,264.81,2024-08-03 09:04:56
압연기_25호기,전류,56.77,2024-08-03 09:39:21
압연기_23호기,전압,373.61,2024-08-03 09:43:21
압연기_5호기,전류,46.09,2024-08-03 09:29:29
압연기_34호기,속도,101.61,2024-08-03 09:50:23
압연기_34호기,위치,66.25,2024-08-03 09:52:05
압연기_19호기,진동,0.57,2024-08-03 10:16:39
압연기_41호기,압력,172.56,2024-08-03 10:06:54
압연기_14호기,전압,223.56,2024-08-03 10:05:29
압연기_49호기,전압,290.78,2024-08-03 10:43:48
압연기_35호기,유량,28.67,2024-08-03 10:01:18
압연기_10호기,유량,24.96,2024-08-03 10:06:52
압연기_22호기,온도,38.26,2024-08-03 10:56:29
압연기_12호기,유량,29.66,2024-08-03 10:15:33
압연기_38호기,위치,70.48,2024-08-03 10:28:13
압연기_32호기,전압,213.72,2024-08-03 10:10:25
압연기_9호기,진동,2.59,2024-08-03 11:59:22
압연기_34호기,전류,28.91,2024-08-03 11:00:00
압연기_34호기,진동,2.44,2024-08-03 11:34:30
압연기_21호기,온도,36.38,2024-08-03 11:46:44
압연기_45호기,전압,292.26,2024-08-03 11:12:34
압연기_27호기,온도,77.02,2024-08-03 11:22:28
압연기_3호기,위치,95.93,2024-08-03 11:25:41
압연기_9호기,진동,4.42,2024-08-03 11:16:58
압연기_22호기,전류,53.61,2024-08-03 11:59:55
압연기_32호기,전류,99.93,2024-08-03 11:23:55
압연기_28호기,전류,34.81,2024-08-03 11:01:33
압연기_26호기,온도,52.51,2024-08-03 11:46:00
압연기_45호기,속도,325.5,2024-08-03 12:28:17
압연기_48호기,전류,31.01,2024-08-03 12:27:25
압연기_35호기,전류,86.05,2024-08-03 12:05:12
압연기_26호기,전압,319.04,2024-08-03 12:06:20
압연기_5호기,압력,100.55,2024-08-03 12:39:39
압연기_10호기,속도,191.44,2024-08-03 12:59:52
압연기_22호기,유량,27.94,2024-08-03 12:54:54
압연기_15호기,속도,196.95,2024-08-03 12:38:54
압연기_8호기,온도,51.09,2024-08-03 12:44:36
압연기_24호기,위치,22.93,2024-08-03 12:14:43
압연기_50호기,전류,87.35,2024-08-03 13:31:00
압연기_29호기,진동,2.23,2024-08-03 13:16:33
압연기_34호기,유량,30.0,2024-08-03 13:48:09
압연기_45호기,진동,2.65,2024-08-03 13:59:41
압연기_43호기,전류,46.91,2024-08-03 13:26:38
압연기_48호기,위치,13.78,2024-08-03 13:48:58
압연기_46호기,위치,58.1,2024-08-03 13:21:16
압연기_16호기,위치,33.37,2024-08-03 13:58:22
압연기_6호기,진동,3.95,2024-08-03 13:23:23
압연기_10호기,유량,28.51,2024-08-03 14:51:28
압연기_46호기,위치,55.66,2024-08-03 14:26:31
압연기_17호기,전압,386.01,2024-08-03 14:34:56
압연기_15호기,전압,341.79,2024-08-03 14:19:18
압연기_22호기,속도,221.44,2024-08-03 14:43:23
압연기_5호기,온도,36.83,2024-08-03 14:19:36
압연기_30호기,압력,191.27,2024-08-03 14:48:47
압연기_14호기,온도,29.9,2024-08-03 14:21:26
압연기_42호기,전압,355.79,2024-08-03 14:13:04
압연기_45호기,전류,23.01,2024-08-03 14:08:14
압연기_39호기,온도,72.89,2024-08-03 15:09:34
압연기_42호기,속도,463.87,2024-08-03 15:20:14
압연기_10호기,전류,50.24,2024-08-03 15:07:03
압연기_34호기,전류,30.19,2024-08-03 15:49:16
압연기_7호기,속도,100.54,2024-08-03 15:15:23
압연기_50호기,속도,497.58,2024-08-03 15:29:39
압연기_37호기,전압,208.36,2024-08-03 15:48:07
압연기_12호기,유량,48.46,2024-08-03 15:14:45
압연기_26호기,유량,38.38,2024-08-03 15:09:26
압연기_7호기,온도,70.3,2024-08-03 16:40:55
압연기_29호기,속도,115.55,2024-08-03 16:59:49
압연기_4호기,전류,37.58,2024-08-03 16:39:33
압연기_29호기,속도,366.88,2024-08-03 16:09:47
압연기_29호기,온도,45.62,2024-08-03 16:38:07
압연기_46호기,유량,42.82,2024-08-03 16:31:37
압연기_21호기,전류,35.93,2024-08-03 16:13:05
압연기_18호기,속도,470.97,2024-08-03 16:14:26
압연기_28호기,전류,80.11,2024-08-03 16:18:33
압연기_22호기,속도,188.51,2024-08-03 16:22:55
압연기_34호기,온도,51.43,2024-08-03 17:30:02
압연기_7호기,유량,12.14,2024-08-03 17:05:20
압연기_43호기,압력,90.94,2024-08-03 17:02:51
압연기_14호기,전류,37.29,2024-08-03 17:45:12
압연기_45호기,위치,88.62,2024-08-03 17:51:34
압연기_20호기,속도,441.35,2024-08-03 17:22:20
압연기_5호기,유량,49.67,2024-08-03 17:17:34
압연기_26호기,속도,225.98,2024-08-03 17:27:29
압연기_4호기,전압,351.72,2024-08-03 17:31:08
압연기_10호기,전압,265.39,2024-08-03 17:18:36
압연기_25호기,위치,42.51,2024-08-03 18:13:53
압연기_9호기,진동,1.23,2024-08-03 18:14:26
압연기_35호기,위치,63.77,2024-08-03 18:45:35
압연기_13호기,위치,54.71,2024-08-03 18:03:34
압연기_21호기,압력,73.02,2024-08-03 18:18:27
압연기_48호기,압력,187.97,2024-08-03 18:29:27
압연기_12호기,유량,39.02,2024-08-03 18:06:54
압연기_16호기,진동,2.18,2024-08-03 18:01:01
압연기_39호기,전류,47.95,2024-08-03 18:21:36
압연기_10호기,유량,31.74,2024-08-03 18:57:11
압연기_10호기,위치,44.15,2024-08-03 18:40:24
압연기_46호기,온도,42.76,2024-08-03 18:48:56
압연기_29호기,유량,43.1,2024-08-03 19:07:13
압연기_23호기,전류,70.65,2024-08-03 19:22:50
압연기_5호기,위치,61.96,2024-08-03 20:55:42
압연기_8호기,전류,92.19,2024-08-03 20:15:51
압연기_3호기,유량,22.0,2024-08-03 21:18:27
압연기_44호기,전류,31.26,2024-08-03 21:16:44
압연기_46호기,압력,160.52,2024-08-03 21:49:16
압연기_5호기,유량,24.56,2024-08-03 22:03:05
압연기_3호기,유량,10.76,2024-08-03 22:48:48
압연기_6호기,압력,52.6,2024-08-03 22:26:57
압연기_30호기,압력,118.68,2024-08-03 23:55:13
압연기_49호기,전류,49.08,2024-08-03 23:21:49
압연기_39호기,위치,27.37,2024-08-04 00:03:30
압연기_9호기,압력,86.82,2024-08-04 00:06:05
압연기_10호기,온도,40.89,2024-08-04 00:59:47
압연기_3호기,속도,492.47,2024-08-04 01:45:38
압연기_50호기,압력,118.4,2024-08-04 01:56:33
압연기_1호기,온도,36.31,2024-08-04 02:17:45
압연기_20호기,온도,31.21,2024-08-04 02:57:32
압연기_49호기,전압,399.89,2024-08-04 02:46:06
압연기_47호기,전압,399.9,2024-08-04 03:43:33
압연기_45호기,전류,69.19,2024-08-04 03:57:21
압연기_47호기,전압,219.76,2024-08-04 03:32:00
압연기_35호기,전류,37.45,2024-08-04 03:37:16
압연기_43호기,전압,279.95,2024-08-04 04:36:37
압연기_6호기,유량,37.76,2024-08-04 04:15:51
압연기_41호기,압력,81.58,2024-08-04 04:54:17
압연기_34호기,속도,391.31,2024-08-04 05:02:19
압연기_44호기,온도,58.65,2024-08-04 05:37:06
압연기_42호기,유량,38.15,2024-08-04 05:33:37
압연기_15호기,유량,29.89,2024-08-04 06:41:27
압연기_25호기,압력,164.43,2024-08-04 06:43:32
압연기_6호기,속도,359.28,2024-08-04 06:12:54
압연기_1호기,유량,14.66,2024-08-04 06:16:44
압연기_8호기,위치,37.64,2024-08-04 06:47:00
압연기_7호기,위치,97.42,2024-08-04 06:15:21
압연기_29호기,온도,53.33,2024-08-04 06:07:12
압연기_30호기,전압,368.37,2024-08-04 06:59:34
압연기_15호기,전류,42.56,2024-08-04 07:59:07
압연기_42호기,진동,4.5,2024-08-04 07:02:29
압연기_42호기,진동,3.77,2024-08-04 07:53:29
압연기_3호기,전압,349.72,2024-08-04 07:57:39
압연기_1호기,온도,29.32,2024-08-04 07:37:09
압연기_30호기,위치,33.64,2024-08-04 07:04:14
압연기_37호기,진동,4.86,2024-08-04 07:03:02
압연기_30호기,압력,58.07,2024-08-04 07:46:30
압연기_14호기,속도,173.78,2024-08-04 07:55:17
압연기_13호기,전압,244.19,2024-08-04 08:44:09
압연기_15호기,위치,29.98,2024-08-04 08:02:54
압연기_25호기,진동,3.69,2024-08-04 08:11:56
압연기_9호기,온도,36.65,2024-08-04 08:22:02
압연기_32호기,위치,7.58,2024-08-04 08:50:10
압연기_17호기,전류,94.94,2024-08-04 08:45:00
압연기_45호기,압력,99.98,2024-08-04 08:49:16
압연기_49호기,전류,43.86,2024-08-04 08:09:38
압연기_43호기,전압,390.6,2024-08-04 08:00:21
압연기_33호기,유량,49.76,2024-08-04 09:57:42
압연기_40호기,진동,0.75,2024-08-04 09:38:54
압연기_36호기,유량,10.09,2024-08-04 09:28:55
압연기_43호기,위치,65.59,2024-08-04 09:51:49
압연기_30호기,전류,63.24,2024-08-04 09:13:57
압연기_11호기,속도,203.25,2024-08-04 09:30:12
압연기_44호기,진동,3.07,2024-08-04 09:10:36
압연기_38호기,전압,266.41,2024-08-04 09:01:56
압연기_27호기,압력,109.45,2024-08-04 09:27:13
압연기_23호기,유량,36.04,2024-08-04 09:01:18
압연기_2호기,압력,169.13,2024-08-04 09:30:19
압연기_39호기,유량,42.98,2024-08-04 10:45:09
압연기_32호기,위치,91.03,2024-08-04 10:36:04
압연기_50호기,온도,44.35,2024-08-04 10:17:46
압연기_48호기,압력,138.27,2024-08-04 10:34:08
압연기_29호기,진동,4.1,2024-08-04 10:42:41
압연기_7호기,압력,171.7,2024-08-04 10:01:52
압연기_28호기,위치,91.96,2024-08-04 10:26:56
압연기_20호기,유량,32.43,2024-08-04 10:16:39
압연기_8호기,온도,49.64,2024-08-04 10:44:04
압연기_42호기,온도,59.0,2024-08-04 11:45:01
압연기_46호기,진동,3.36,2024-08-04 11:24:51
압연기_43호기,속도,236.9,2024-08-04 11:54:28
압연기_48호기,진동,1.82,2024-08-04 11:31:20
압연기_40호기,온도,40.37,2024-08-04 11:30:19
압연기_20호기,위치,98.25,2024-08-04 11:36:07
압연기_6호기,속도,169.55,2024-08-04 11:32:56
압연기_10호기,위치,5.77,2024-08-04 11:31:14
압연기_29호기,압력,121.35,2024-08-04 12:19:17
압연기_24호기,유량,18.81,2024-08-04 12:57:03
압연기_5호기,온도,67.37,2024-08-04 12:55:49
압연기_33호기,속도,209.11,2024-08-04 12:46:08
압연기_17호기,속도,144.66,2024-08-04 12:57:28
압연기_10호기,진동,1.36,2024-08-04 12:49:51
압연기_16호기,유량,26.82,2024-08-04 12:04:23
압연기_3호기,전압,328.13,2024-08-04 12:23:46
압연기_23호기,유량,20.96,2024-08-04 12:11:27
압연기_3호기,온도,52.83,2024-08-04 13:20:41
압연기_13호기,속도,334.71,2024-08-04 13:06:01
압연기_28호기,진동,3.8,2024-08-04 13:14:24
압연기_28호기,전류,43.63,2024-08-04 13:56:17
압연기_23호기,위치,26.74,2024-08-04 13:49:53
압연기_30호기,전압,378.3,2024-08-04 13:35:38
압연기_17호기,압력,169.74,2024-08-04 13:18:35
압연기_46호기,위치,56.37,2024-08-04 13:01:27
압연기_49호기,유량,20.5,2024-08-04 13:04:58
압연기_36호기,압력,193.06,2024-08-04 13:50:31
압연기_41호기,압력,155.87,2024-08-04 13:21:47
압연기_28호기,위치,60.97,2024-08-04 14:22:05
압연기_7호기,위치,80.66,2024-08-04 14:23:22
압연기_47호기,위치,61.18,2024-08-04 14:44:13
압연기_26호기,진동,3.38,2024-08-04 14:38:07
압연기_32호기,속도,471.92,2024-08-04 14:48:26
압연기_2호기,전압,292.41,2024-08-04 14:16:13
압연기_7호기,진동,1.7,2024-08-04 14:22:11
압연기_13호기,유량,19.82,2024-08-04 14:34:07
압연기_45호기,속도,430.84,2024-08-04 15:30:54
압연기_21호기,속도,285.77,2024-08-04 15:00:26
압연기_49호기,전압,320.05,2024-08-04 15:56:22
압연기_16호기,전류,30.53,2024-08-04 15:34:09
압연기_46호기,압력,79.33,2024-08-04 15:23:32
압연기_16호기,온도,31.61,2024-08-04 15:13:33
압연기_27호기,유량,11.19,2024-08-04 15:31:36
압연기_28호기,전류,25.04,2024-08-04 15:11:45
압연기_36호기,온도,25.55,2024-08-04 15:31:31
압연기_29호기,압력,54.21,2024-08-04 15:13:50
압연기_16호기,전압,270.05,2024-08-04 15:54:54
압연기_12호기,속도,294.59,2024-08-04 16:19:07
압연기_41호기,압력,148.32,2024-08-04 16:42:52
압연기_33호기,진동,0.2,2024-08-04 16:44:20
압연기_20호기,유량,25.12,2024-08-04 16:23:00
압연기_18호기,전류,93.85,2024-08-04 16:46:28
압연기_2호기,압력,181.34,2024-08-04 16:11:41
압연기_25호기,속도,387.69,2024-08-04 16:58:50
압연기_8호기,온도,27.59,2024-08-04 16:32:12
압연기_34호기,전류,50.82,2024-08-04 17:36:30
압연기_43호기,속도,319.75,2024-08-04 17:53:47
압연기_26호기,온도,26.15,2024-08-04 17:07:47
압연기_35호기,전류,43.2,2024-08-04 17:54:09
압연기_43호기,압력,113.55,2024-08-04 17:15:34
압연기_6호기,전류,62.35,2024-08-04 17:46:42
압연기_31호기,전류,14.92,2024-08-04 17:04:27
압연기_31호기,전압,276.56,2024-08-04 17:00:15
압연기_18호기,속도,466.1,2024-08-04 17:48:27
압연기_43호기,압력,171.37,2024-08-04 17:50:36
압연기_11호기,위치,98.01,2024-08-04 18:35:24
압연기_41호기,전류,12.47,2024-08-04 18:16:07
압연기_23호기,전류,76.95,2024-08-04 18:45:18
압연기_18호기,전류,91.95,2024-08-04 18:52:22
압연기_6호기,속도,171.03,2024-08-04 18:42:48
압연기_32호기,압력,75.88,2024-08-04 18:12:43
압연기_23호기,위치,93.75,2024-08-04 18:16:34
압연기_23호기,압력,138.19,2024-08-04 18:14:12
압연기_16호기,유량,47.99,2024-08-04 18:24:18
압연기_41호기,속도,400.34,2024-08-04 19:13:22
압연기_36호기,위치,35.38,2024-08-04 19:28:12
압연기_37호기,온도,68.37,2024-08-04 19:23:40
압연기_39호기,유량,43.7,2024-08-04 20:34:03
압연기_38호기,전류,36.58,2024-08-04 20:30:48
압연기_18호기,속도,445.61,2024-08-04 20:14:59
압연기_22호기,전류,89.0,2024-08-04 20:05:56
압연기_41호기,진동,1.55,2024-08-04 21:50:32
압연기_8호기,전압,251.79,2024-08-04 21:56:22
압연기_28호기,속도,330.23,2024-08-04 21:16:53
압연기_30호기,온도,59.93,2024-08-04 22:51:15
압연기_44호기,온도,40.34,2024-08-04 22:53:15
압연기_26호기,위치,41.62,2024-08-04 22:16:57
압연기_46호기,온도,25.26,2024-08-04 23:29:41
압연기_30호기,속도,378.87,2024-08-04 23:13:26
압연기_40호기,속도,216.27,2024-08-04 23:39:13
압연기_36호기,온도,26.24,2024-08-04 23:31:53
